{"/docs/public/cs/about/":{"data":{"":"","kontakt#Kontakt":"ARRIVA TRANSPORT ČESKÁ REPUBLIKA a.s.\nAdresa: Křižíkova 148/34, 186 00 Praha 8\nTelefon: +420 725 100 725\nE-mail: info@arriva.cz\nIČ: 27368815\nDIČ: CZ699001947","profil#Profil":"Arriva je jednou z největších dopravních společností v Evropě, která v 10 evropských zemích zaměstnává přes 34 000 lidí a ročně přepraví více než 1,5 miliardy cestujících. Od roku 2010 je součástí koncernu Deutsche Bahn.\nV České republice provozuje skupina Arriva 2 000 autobusů, 83 vlaků a zaměstnává více než 3 500 zaměstnanců. Celkový roční obrat skupiny převyšuje 7,2 miliardy korun. Hlavní činností společnosti je linková autobusová doprava, vypravující přes 15 000 spojů denně a ročně přepraví více než 115 milionů cestujících. Na trhu pravidelné osobní autobusové dopravy v České republice tak skupina zaujímá vedoucí postavení. V roce 2013 vstoupila i na trh železniční osobní dopravy. Od prosince 2019 provozuje dceřiná společnost Arriva vlaky rychlíkové linky s označením R21, R22, R24 a R26, i osobní vlaky ve Zlínském a Libereckém kraji. Od poloviny prosince 2020 vypravuje i vlaky na lince R14 z Pardubic přes Liberec do Ústí nad Labem.\nCentrálou skupiny je společnost ARRIVA TRANSPORT ČESKÁ REPUBLIKA a.s., která sdružuje dalších 7 dceřiných společností.\nHistorie skupiny Arriva v Česku Arriva vstoupila na český trh autobusové dopravy v roce 2006 akvizicí společnosti ARRIVA STŘEDNÍ ČECHY s.r.o. (dříve TRANSCENTRUM bus s.r.o.) a v roce 2013 pak i na trh železniční dopravy prostřednictvím společnosti ARRIVA VLAKY s.r.o. V roce 2007 Arriva koupila společnosti BOSÁK BUS, spol. s r.o. a OSNADO spol. s r.o. a v roce 2013 pak společnosti skupiny Abellio - PROBO BUS a.s., Arriva Services a.s. (dříve Abellio CZ a.s.) a PT REAL, spol. s r.o. Ve stejném roce Arriva převzala společnosti skupiny Veolia v České republice, a to společnosti ARRIVA PRAHA s.r.o., ARRIVA TEPLICE s.r.o., ARRIVA MORAVA a.s. a ARRIVA VÝCHODNÍ ČECHY a.s. a ARRIVA CR s.r.o. V červenci 2014 došlo k nabytí společnosti RDS bus s.r.o.\nZa účelem zefektivnění provozu a využití synergií mezi společnostmi ve skupině došlo k 1. 1. 2015 k několika fúzím: zanikla společnost BOSÁK BUS, spol. s r.o. a nástupnickou společností se stala ARRIVA STŘEDNÍ ČECHY s.r.o., dále zanikla RDS bus s.r.o. a nástupnickou společností se stala PROBO BUS a.s. a zanikla i PT REAL, spol. s r.o. a nástupnickou společností se stala Arriva Services a.s. Následně se v říjnu roku 2016 ke skupině Arriva připojila společnost ČSAD MHD Kladno a.s. a servisní společnost KD SERVIS a.s.\nDalší fúze proběhly k 1. 6. 2017: společnosti ARRIVA PRAHA s.r.o. a ARRIVA TEPLICE s.r.o. byly sloučeny do nové společnosti ARRIVA CITY s.r.o., OSNADO spol. s r.o. po připojení k ARRIVA VÝCHODNÍ ĆECHY a.s. zaniklo, stejně jako PROBO BUS a.s. po připojení ke společnosti ARRIVA STŘEDNÍ ČECHY s.r.o. Došlo i k přesunu některých regionálních spojů z ARRIVA PRAHA s.r.o. do ARRIVA STŘEDNÍ ČECHY s.r.o.\nK 12. 12. 2021 dochází ke změně názvu společnosti z ARRIVA VÝCHODNÍ ČECHY a.s. na ARRIVA autobusy a.s., následně se od 1.1.2022 dceřiná společnost ARRIVA MORAVA a.s. slučuje se společností ARRIVA autobusy a.s. ."},"title":"O nás"},"/docs/public/cs/docs/":{"data":{"":"","pohodlná-a-přizpůsobivá-cesta#Pohodlná a Přizpůsobivá Cesta":"Pohodlná a Přizpůsobivá Cesta V Arriva, chápeme, že každá cesta je jedinečná. Proto jsme navrhli náš rezervační systém tak, aby byl co nejpohodlnější a přizpůsobivý vašim potřebám. Ať už cestujete sami, s domácím mazlíčkem nebo s jízdním kolem, máme pro vás ideální řešení."},"title":"Dokumentace"},"/docs/public/cs/docs/api/":{"data":{"#":"Vítejte v dokumentaci rezervačního systémuTento systém vám umožní efektivně spravovat rezervace sedadel a dalších služeb v rámci naší dopravní sítě. Každý spoj je tvořen jedním nebo více vozy, které obsahují různé typy contingentů - abstraktní bloky sedadel nebo jiných prvků, jako jsou například místa pro jízdní kola nebo zvířata.\nNaše vozidla jsou specifická svým pořad ím v soupravě a detailním popisem, poskytující cestujícím veškerý komfort. Každý spoj se vyznačuje unikátním číslem a trasou, například R1322, které zajišťují pravidelné spoje mezi městy jako Liberec a Ústí nad Labem.\nPro úspěšnou rezervaci je nezbytné znát linku, stanice odjezdu a příjezdu a datum jízdy. Naše systémová API poskytují přehledný seznam stanic a umožňují efektivní vyhledávání tras a volných míst. Rezervace sedadel a dalších služeb je zajištěna přesně podle vašich potřeb, s důrazem na detail a pohodlí cestujících.\nNáhled modelu Využijte našeho systému pro pohodlné a efektivní plánování vašich cest. Naše dokumentace vám poskytne všechny potřebné informace k navigaci a využití našeho rezervačního systému. Dobrou cestu!","vítejte-v-dokumentaci-rezervačního-systému#Vítejte v dokumentaci rezervačního systému":""},"title":"API"},"/docs/public/cs/docs/api/start/":{"data":{"":"","potvrzení-rezervace#Potvrzení rezervace":"","rezervace-místenky#Rezervace místenky":"","rezervace-místenky-1#Rezervace místenky":"","struktura-sedadel#Struktura sedadel":"","uvolnění-dočasné-rezervace#Uvolnění dočasné rezervace":"","zjištění-volné-kapacity#Zjištění volné kapacity":"","změna-sedadla#Změna sedadla":"Struktura sedadel Každý spoj tvoří jeden až n vozů. Vozy obsahují contingenty, což je abstraktní blok sedadel nebo jiných prvků. Typ contingentu určuje, jestli se jedná o povinně místenkový oddíl nebo kapacitu. Kapacita se používá pro limitované zdroje, jako jsou zvířata, jízdní kola apod., kterých lze do vozu prodat pouze omezené množství, ale které nemají konkrétní místo.\nVůz je pak značen pořadím v soupravě a popisem.\nSpoje jezdí po trase, která je určena číslem spoje (LineNumber), např. R1322 je vlak na trase Liberec - Ústí nad Labem. Na této trase jezdí vlak několikrát denně, každý spoj v rámci dne má vlastní LineNumber (a může jet po jiné trase). Na druhou stranu linka 1322 jezdí denně a pro každou jízdu existuje záznam v tabulce LineInstance, to je konkrétní jízda, na kterou zajišťujeme místenky. Pokud linka v některý den nejede, jednoduše chybí záznam v tabulce LineInstance se dnem, kdy spoj nejezdí.\nRezervace místenky Získání vstupních dat Pro úspěšnou rezervaci místa je třeba znát linku, stanice z a do a datum jízdy. Pro stanice využijeme číselník, který poskytuje volání /v1/Constants/GetAllPlaces. Seznam stanic je obsáhlý a je třeba si ho uložit lokálně, opakované volání by příliš vytěžovalo komunikaci. Dle číselníku přiřadíme stanicím z a do konkrétní identifikátory. Nyní se volá /v1/Route/ExtSearch, čímž se získá číslo linky; v případě přestupů více linek.\nŘekněme, že chceme jet 31.1.2024 v 6 hodin z Liberce do České Lípy. Liberec má ID=1453, Česká Lípa má ID=2187. Vyhledávání vrátí linku “R 1322”. kde “1322” je číslo linky.\nZjištění volné kapacity V této chvíli je třeba zjistit, jestli dotyčný spoj má volnou kapacitu. K tomu je třeba zavolat /v1/Reservation/ExtGetFreeSeatsCount s následujícími parametry:\n{ \"lineNumber\": \"1322\", \"date\": \"2024-01-31T06:00:00.000Z\", \"traceStationFromId\": 1453, \"traceStationToId\": 2187 } Výsledek bude přibližně tento:\n[ { \"contingentTypeId\": 1, \"capacityResult\": { \"capacity\": 63, \"available\": 54 } } , { \"contingentTypeId\": 3, \"capacityResult\": { \"capacity\": 10, \"available\": 8 } }, { \"contingentTypeId\": 4, \"capacityResult\": { \"capacity\": 20, \"available\": 17 } } ] Znamená to, že tento spoj má jeden contingent typu 1, což odpovídá povinně místenkovému vozu. Jeho celková kapacita je 63 míst a zbývá 54 míst. Dále je možné prodat celkem 10 jízdenek pro jízdní kolo (TypeId=3), přičemž k dispozici je ještě 8 a 20 jízdenek pro psa (TypeId=4), kde je k dispozici 17 míst.\nRezervace místenky Řekněme, že potřebujeme jednu místenku, zavoláme tedy /v1/Reservation/ExtMakeReservations s parametry:\n{ \"lineNumber\": \"1322\", \"date\": \"2023-12-05T00:00:00.000Z\", \"traceStationFromId\": 1453, \"traceStationToId\": 2187, \"count\": 1 } a dostaneme odpověď (vrací se pole pro případ, že bychom zadali víc než jednu místenku):\n[ { \"seat\": { \"isAvailable\": false, \"seatAttributes\": [ \"Window\", \"V230\", \"Silent\" ], \"isEnabled\": false, \"description\": \"11\", \"orientation\": \"Backward\", \"coordX\": 0, \"coordY\": 4, \"floor\": 1, \"vehicle\": { \"model\": \"845.P\", \"sequence\": 1, \"description\": \"1\", \"vehicleAttributes\": [ \"WiFi\", \"Silent\", \"V230\" ], \"seatMap\": [], \"contingents\": [], \"shiftingId\": \"29160129-c223-4022-b186-fba25b085377\" } }, \"externalId\": \"193d04af-9dc8-4767-ad6f-9115886a85e6\", \"traceFromId\": 1453, \"traceFromName\": \"Liberec\", \"traceToId\": 2187, \"traceFromSequence\": 1, \"traceToName\": \"Česká Lípa hl.n.\", \"traceToSequence\": 4, \"expiresAt\": \"2024-01-10T20:25:26.543058+01:00\", \"date\": \"2023-12-05T00:00:00\", \"lineNumber\": \"R1322\", \"routeName\": \"R14B\", \"reservationStatus\": \"Temporary\", \"vehicleOrder\": 1, \"reservationType\": \"Reservation\" } ] Popis nejdůležitějších hodnot: seat popisuje vybrané sedadlo, a to jeho pozici ve voze (coordX, coordY), jeho vlastnosti (seatAttributes),\nvehicle informace o vozu. Model je typ vpzu. důležité parametry jsou sequence (na jaké pozici je vůz řazen) a description, to je označení vozu pro cestující. Pokud se změní řazení vozu v soupravě, např. mezi dva vozy se zařadí další, změní se hodnota sequence, ale nesmí se změnit description, protože pak by cestující ztratili orientační bod.\nshiftingId je identifikátor řazení vozu. Jak funguje řazení? V systému máme omezený počet vozů, je to vlastně šablona, popisující jak vůz vypadá, kde má které sedadlo apod. Pokud ho chci zařadit do soupravy, vytvořím záznam o řazení (shifting), který propojuje šablonu vozu s konkrétní jízdou (lineInstance) a pozicí v soupravě (sequence).\nexternalId je hodnota, pomocí které je místenka identifikována pro budoucí operace. Následují informace o trase (traceFromId, traceFromName…), date určuje den jízdy a lineNumber číslo linky.\nreservationStatus Temporary určuje, že se jedná o dočasnou rezervaci, která má nastavenou automatickou expiraci (expiresAt). Po tomto čase přestane místenka existovat, pokud není potvrzena.\nPotvrzení rezervace K tomu je třeba zavolat /v1/Reservation/ExtConfirmReservations s parametrem:\n{ \"externalReservationsIds\": [ \"193d04af-9dc8-4767-ad6f-9115886a85e6\" ] } Vrátí se opět informace o místence:\n[ { \"seat\": { \"isAvailable\": false, \"seatAttributes\": [ \"Window\", \"V230\", \"Silent\" ], \"isEnabled\": false, \"description\": \"11\", \"orientation\": \"Backward\", \"coordX\": 0, \"coordY\": 4, \"floor\": 1, \"vehicle\": { \"model\": \"845.P\", \"sequence\": 1, \"description\": \"1\", \"vehicleAttributes\": [], \"seatMap\": [], \"contingents\": [], \"shiftingId\": \"29160129-c223-4022-b186-fba25b085377\" } }, \"externalId\": \"193d04af-9dc8-4767-ad6f-9115886a85e6\", \"traceFromId\": 1453, \"traceFromName\": \"Liberec\", \"traceToId\": 2187, \"traceFromSequence\": 1, \"traceToName\": \"Česká Lípa hl.n.\", \"traceToSequence\": 4, \"expiresAt\": null, \"date\": \"2023-12-05T00:00:00\", \"lineNumber\": \"R1322\", \"routeName\": \"R14B\", \"reservationStatus\": \"Confirmed\", \"vehicleOrder\": 1, \"reservationType\": \"Reservation\" } ] Nyní je již reservationStatus nastaven na Confirmed a hodnota expiresAt je NULL.\nUvolnění dočasné rezervace V případě, že se nákup ruší bez potvrzení, volá se místo potvrzení /v1/Reservation/ExtReleaseReservations s parametrem:\n{ \"externalReservationsIds\": [ \"193d04af-9dc8-4767-ad6f-9115886a85e6\" ] } která vrací pouze true/false. Tím se rezervovaná místenka uvolní pro ostatní zájemce a není třeba čekat na vypršení expirace.\nZměna sedadlaPokud nevyhovuje automaticky přidělené sedadlo, je možné jej změnit. Nejprve se zavolá /v1/Reservation/ExtGetVehicles s parametrem:\n{ \"lineNumber\": \"1322\", \"date\": \"2023-12-05T00:00:00.000Z\", \"traceStationFromId\": 1453, \"traceStationToId\": 2187 } Jako odpověď dostaneme seznam řazených vozů, pasivních prvků (item) a sedadel (seat)\n[ { \"model\": \"845.P\", \"sequence\": 1, \"description\": \"1\", \"vehicleAttributes\": [], \"seatMap\": [ { \"description\": \"Východ\", \"orientation\": \"Backward\", \"externalId\": \"8be67ae9-0d6e-45c9-ad12-2ba24e7433e9\", \"coordX\": 0, \"coordY\": 0, \"floor\": 1, \"availability\": \"Unknown\", \"itemType\": \"Exit\", \"seatAttributes\": [] }, { \"description\": \"Prázdný prostor\", \"orientation\": \"Backward\", \"externalId\": \"5fc6c8ab-edca-4b9f-9e68-a0f947b3050e\", \"coordX\": 1, \"coordY\": 0, \"floor\": 1, \"availability\": \"Unknown\", \"itemType\": \"Empty\", \"seatAttributes\": [] }, /* .... */ { \"description\": \"11\", \"orientation\": \"Backward\", \"externalId\": \"2bb66e74-d0de-429a-9d78-7ad01108992b\", \"coordX\": 0, \"coordY\": 4, \"floor\": 1, \"availability\": \"Sold\", \"itemType\": \"Seat\", \"seatAttributes\": [] }, { \"description\": \"13\", \"orientation\": \"Backward\", \"externalId\": \"70123deb-4e70-4ab3-a4ab-6f50da18c780\", \"coordX\": 1, \"coordY\": 4, \"floor\": 1, \"availability\": \"Available\", \"itemType\": \"Seat\", \"seatAttributes\": [] }, { \"description\": \"Ulička\", \"orientation\": \"Backward\", \"externalId\": \"2acf9a37-0e3e-43f7-a82f-6d9718931aa5\", \"coordX\": 2, \"coordY\": 4, \"floor\": 1, \"availability\": \"Unknown\", \"itemType\": \"Corridor\", \"seatAttributes\": [] }, { \"description\": \"17\", \"orientation\": \"Backward\", \"externalId\": \"394c4cfa-7de5-4edc-b890-94b9dc64428e\", \"coordX\": 3, \"coordY\": 4, \"floor\": 1, \"availability\": \"Available\", \"itemType\": \"Seat\", \"seatAttributes\": [] }, { \"description\": \"15\", \"orientation\": \"Backward\", \"externalId\": \"766cc612-0185-4ca5-9613-031d74d13fe0\", \"coordX\": 4, \"coordY\": 4, \"floor\": 1, \"availability\": \"Available\", \"itemType\": \"Seat\", \"seatAttributes\": [] }, /* .... */ ], \"contingents\": [ { \"capacity\": 39, \"available\": 38, \"contingentType\": \"Reservation\" }, { \"capacity\": 24, \"available\": 24, \"contingentType\": \"Reservation\" }, { \"capacity\": 10, \"available\": 10, \"contingentType\": \"Bicycle\" }, { \"capacity\": 0, \"available\": 0, \"contingentType\": \"Disabled\" } ], \"shiftingId\": \"29160129-c223-4022-b186-fba25b085377\" } ] Data jsou zkrácena. Důležité informace jsou v sekci contingens, které popisují, jaké typy rezervací vůz nabízí (místenka, zvíře, kolo, invalidé…).\nVe struktuře seatMap je popsán vůz včetně souřadnic jednotlivých pasivních prvků (stolek, ulička…) a především sedadel. Zde je důležitá vlastnost availability, která popisuje, je-li možné sedadlo obsadit.\nVoláním /v1/Reservation/ChangeReservation s parametry\n{ \"reservationExternalId\": \"193d04af-9dc8-4767-ad6f-9115886a85e6\", \"seatExternalId\": \"766cc612-0185-4ca5-9613-031d74d13fe0\", \"shiftingExternalId\": \"29160129-c223-4022-b186-fba25b085377\" } kde reservationExternalId je Id rezervace, seatExternalId je Id požadovaného sedadla a shiftingExternalId je identifikátor vozu a jeho řazení, lze změnit místo přiřazené rezervaci. Lze měnit místa pouze u rezervací ve stavu Temporary, po potvrzení je již rezervace neměnná.\nFunkce vrací novou rezervaci. Původní rezervace je automaticky uvolněna, ale je odpovědnosti klienta, aby identifikátor rezervace změnil na nově vrácený identifikátor. Při ukončení nákupu je třeba zavolat ConfirmReservations s tímto novým Id!\n[ { \"seat\": { \"isAvailable\": false, \"seatAttributes\": [], \"isEnabled\": false, \"description\": \"15\", \"orientation\": \"Backward\", \"coordX\": 4, \"coordY\": 4, \"floor\": 1, \"vehicle\": { \"model\": \"845.P\", \"sequence\": 1, \"description\": \"1\", \"vehicleAttributes\": [], \"seatMap\": [], \"contingents\": [], \"shiftingId\": \"29160129-c223-4022-b186-fba25b085377\" } }, \"externalId\": \"e3e7abb2-15b1-4b75-bd9e-215eb8d49350\", \"traceFromId\": 1453, \"traceFromName\": \"Liberec\", \"traceToId\": 2187, \"traceFromSequence\": 1, \"traceToName\": \"Česká Lípa hl.n.\", \"traceToSequence\": 4, \"expiresAt\": \"2024-01-10T21:00:00\", \"date\": \"2023-12-05T00:00:00\", \"lineNumber\": \"R1322\", \"routeName\": \"R14B\", \"reservationStatus\": \"Temporary\", \"vehicleOrder\": 1, \"reservationType\": \"Reservation\" } ] "},"title":"Rezervační systém"},"/docs/public/cs/docs/e-shop/":{"data":{"co-se-dozvíte#Co se dozvíte:":" Získání Bearer Token: Před začátkem jakýchkoli volání API je nezbytné získat token pro autentizaci. Práce s API: Naučíte se, jak načítat klíčové konstanty, včetně seznamů míst, tarifů a dalších nezbytných informací. Proces nákupu: Provedeme vás celým procesem nákupu, od autentizace až po získání objednávky. Každý krok je podrobně popsán s příklady a návody, aby byla integrace co nejjednodušší a nejefektivnější. Tento průvodce je neocenitelným zdrojem pro všechny, kteří chtějí plně využít možnosti našeho API.","vítejte-v-průvodci-integrací-externího-api#Vítejte v průvodci integrací externího API":"Vítejte v průvodci integrací externího APITento průvodce je určen pro všechny, kteří potřebují integrovat a efektivně využívat naše externí API. Poskytuje jasný a strukturovaný postup pro správnou integraci a interakci s naším systémem."},"title":"E-shop"},"/docs/public/cs/docs/e-shop/start/":{"data":{"":"","1-příprava#1. Příprava":"","2-proces-nákupu#2. Proces nákupu":"1. Příprava Před provedením jakýchkoli API volání je nutné získat bearer token. Tento token lze získat odesláním POST požadavku na /v1/Authentication/ExtAuthenticate s uživatelským jménem a heslem v těle požadavku.\nAutentizace: Získání bearer tokenu pomocí POST požadavku na /v1/Authentication/ExtAuthenticate s vaším uživatelským jménem a heslem v těle požadavku. Pro práci s API je třeba získat několik konstant, včetně seznamů míst, tarifů a dalších. Konkrétně je třeba volat:\n/v1/Constants/ExtAllPlaceTypes /v1/Constants/ExtAllPlaces /v1/Constants/ExtAllCompanies /v1/Constants/AllPassengerCategories 2. Proces nákupu Krok 1: Autentizace POST /v1/Authentication/ExtAuthenticate Odeslání uživatelského jména a hesla v požadavku. Obdržení bearer tokenu v odpovědi, který se použije pro všechna následující volání. Krok 2: Hledání míst Vyhledávání místa odjezdu a příjezdu, například “Praha” (id: 2236), “Příbram” (id: 3062). Ukládání ID míst pro vyhledávání spojení. Nastavení limit: 10 pro omezení počtu výsledků. Krok 3: Hledání tras POST /v1/Route/ExtSearch Požadované parametry: sourcePlaceId, targetPlaceId a date. Nepovinné parametry lze odstranit, pokud nejsou potřeba. Příklad zprávy: { \"sourcePlaceId\": 2236, \"targetPlaceId\": 3062, \"dateTime\": \"2023-11-08T10:34:22.791Z\" } Obdržení searchId v odpovědi. Krok 4: Zahájení procesu nákupu POST /v1/Purchase/ExtBegin Zahájení procesu nákupu a obdržení různých ID, včetně purchaseId. Krok 5: Nastavení cestujících ke spojení POST /v1/Purchase/ExtSetPassengersToConnection Požadované parametry: purchaseId, searchId a passengers. Informace o cestujících jsou získány z /v1/Constants/AllPassengerCategories. Krok 6: Vytvoření rezervací POST /v1/Reservation/ExtMakeReservations Vytvoření rezervací pomocí dat získaných z RouteSearch. Krok 7: Nastavení rezervací do košíku POST /v1/Purchase/ExtSetReservationsToCart Přidání vytvořených rezervací do konkrétního košíku (cartId) pro konkrétní spojení (searchId). Krok 8: Označení nákupu jako placený POST /v1/Purchase/PurchasePaid Označení objednávky jako zaplacené pomocí purchaseId. Krok 9: Získání objednávky GET /v1/Purchase/GetOrder\n- Získání podrobností objednávky pomocí `orderId`. "},"title":"Průvodce integrací s externím API"},"/docs/public/cs/docs/first-page/":{"data":{"":"","#":"Rezervace Místa na Míru S naším intuitivním systémem můžete snadno vybrat a rezervovat sedadlo ve vlaku nebo autobuse. Nabízíme různé typy sedadel, včetně místenek, místa pro jízdní kola a zvířata, sedadel pro osoby se sníženou mobilitou a mnoho dalších.\nFlexibilita ve Vaší Dlaní Potřebujete změnit místo? Žádný problém. Naše systémová flexibilita umožňuje snadno měnit rezervace, abychom vyhověli vašim změněným plánům.\nSnadný Přístup k Informacím Přístup k rozsáhlým informacím o trasách, vozidlech a dostupnosti sedadel je nyní na dosah ruky. Naše API poskytuje detailní informace pro efektivní plánování cest.\nBezpečná a Spolehlivá Rezervace Bezpečnost a spolehlivost jsou naší prioritou. Naše systém zajišťuje, že vaše rezervace je vždy správně zpracována a všechny vaše údaje jsou chráněny nejmodernějšími technologiemi."},"title":"O dokumentaci"}}