{"/docs/public/about/":{"data":{"":"","contact#Contact":"ARRIVA TRANSPORT CZECH REPUBLIC a.s.\nAddress: Křižíkova 148/34, 186 00 Prague 8\nPhone: +420 725 100 725\nEmail: info@arriva.cz\nID No.: 27368815\nTax ID: CZ699001947","profile#Profile":"Arriva is one of the largest transportation companies in Europe, employing over 34,000 people across 10 European countries and transporting more than 1.5 billion passengers annually. Since 2010, it has been a part of the Deutsche Bahn group.\nIn the Czech Republic, the Arriva group operates 2,000 buses, 83 trains, and employs more than 3,500 staff. The group’s total annual turnover exceeds 7.2 billion Czech koruna. Its primary activity is scheduled bus transport, operating over 15,000 connections daily and transporting more than 115 million passengers annually. In the Czech market of regular personal bus transportation, the group holds a leading position. In 2013, Arriva also entered the railway passenger transport market. Since December 2019, its subsidiary company has operated fast train lines marked R21, R22, R24, and R26, as well as local trains in the Zlín and Liberec regions. From mid-December 2020, it also started operating trains on the R14 line from Pardubice through Liberec to Ústí nad Labem.\nThe group’s headquarters is ARRIVA TRANSPORT ČESKÁ REPUBLIKA a.s., which encompasses seven other subsidiary companies.\nHistory of Arriva in the Czech Republic Arriva entered the Czech bus transport market in 2006 by acquiring ARRIVA STŘEDNÍ ČECHY s.r.o. (formerly TRANSCENTRUM bus s.r.o.) and in 2013, it entered the railway transport market through ARRIVA VLAKY s.r.o. In 2007, Arriva acquired the companies BOSÁK BUS, spol. s r.o. and OSNADO spol. s r.o., and in 2013, the Abellio group companies - PROBO BUS a.s., Arriva Services a.s. (formerly Abellio CZ a.s.), and PT REAL, spol. s r.o. That same year, Arriva took over the Veolia group companies in the Czech Republic, including ARRIVA PRAHA s.r.o., ARRIVA TEPLICE s.r.o., ARRIVA MORAVA a.s., ARRIVA VÝCHODNÍ ČECHY a.s., and ARRIVA CR s.r.o. In July 2014, the company RDS bus s.r.o. was acquired.\nTo streamline operations and utilize synergies among companies within the group, several mergers occurred on January 1, 2015: BOSÁK BUS, spol. s r.o. was dissolved and succeeded by ARRIVA STŘEDNÍ ČECHY s.r.o., RDS bus s.r.o. was dissolved and succeeded by PROBO BUS a.s., and PT REAL, spol. s r.o. was dissolved and succeeded by Arriva Services a.s. Subsequently, in October 2016, ČSAD MHD Kladno a.s. and the service company KD SERVIS a.s. joined the Arriva group.\nFurther mergers occurred on June 1, 2017: ARRIVA PRAHA s.r.o. and ARRIVA TEPLICE s.r.o. were merged into the new company ARRIVA CITY s.r.o., OSNADO spol. s r.o., after joining ARRIVA VÝCHODNÍ ĆECHY a.s., was dissolved, as was PROBO BUS a.s. after joining ARRIVA STŘEDNÍ ČECHY s.r.o. Some regional connections from ARRIVA PRAHA s.r.o. were also transferred to ARRIVA STŘEDNÍ ČECHY s.r.o.\nOn December 12, 2021, the company name changed from ARRIVA VÝCHODNÍ ČECHY a.s. to ARRIVA autobusy a.s., and from January 1, 2022, the subsidiary ARRIVA MORAVA a.s. merged with ARRIVA autobusy a.s."},"title":"About"},"/docs/public/docs/":{"data":{"":"","comfortable-and-customizable-travel#Comfortable and Customizable Travel":"Comfortable and Customizable Travel At Arriva, we understand that every journey is unique. That’s why we’ve designed our reservation system to be as comfortable and adaptable to your needs as possible. Whether you’re traveling alone, with a pet, or with a bicycle, we have the perfect solution for you."},"title":"Documentation"},"/docs/public/docs/api/":{"data":{"#":"Welcome to the Reservation System DocumentationThis system enables you to efficiently manage seat reservations and other services within our transportation network. Each connection consists of one or more carriages, containing various types of contingents - abstract blocks of seats or other elements such as spaces for bicycles or animals.\nOur vehicles are uniquely characterized by their order in the train composition and detailed description, providing passengers with utmost comfort. Each connection is marked by a unique number and route, for example, R1322, ensuring regular connections between cities like Liberec and Ústí nad Labem.\nFor successful reservation, it is essential to know the route, departure and arrival stations, and the date of travel. Our system’s API provides a clear list of stations and enables efficient searching of routes and available seats. The reservation of seats and other services is tailored to your needs, with an emphasis on detail and passenger comfort.\nModel preview Utilize our system for convenient and effective planning of your journeys. Our documentation will provide you with all the necessary information for navigation and use of our reservation system. Have a pleasant journey!","welcome-to-the-reservation-system-documentation#Welcome to the Reservation System Documentation":""},"title":"API"},"/docs/public/docs/api/start/":{"data":{"":"","checking-available-capacity#Checking Available Capacity":"At this point, we need to determine if the selected train has available capacity. To do this, we call /v1/Reservation/ExtGetFreeSeatsCount with the following parameters:\n{ \"lineNumber\": \"1073\", \"date\": \"2023-12-05T14:53:20.780Z\", \"traceStationFromId\": 1453, \"traceStationToId\": 1482 } The result will be approximately as follows:\n[ { \"contingentTypeId\": 1, \"capacityResult\": { \"capacity\": 63, \"available\": 54 } } ] This means that this train has one contingent of type 1, which corresponds to a mandatory reservation car. Its total capacity is 63 seats, and there are 54 seats available.","confirming-reservation#Confirming Reservation":"To confirm the reservation, you need to call /v1/Reservation/ExtConfirmReservations with the parameter:\n{ \"externalReservationsIds\": [\"f6066a0f-c9c8-4310-ab8f-8180e525acbc\"] } The response will provide information about the reservation again:\n[ { \"seat\": { \"isAvailable\": false, \"seatAttributes\": [\"Window\", \"V230\", \"Silent\"], \"isEnabled\": false, \"description\": \"11\", \"orientation\": \"Backward\", \"coordX\": 0, \"coordY\": 4, \"floor\": 1, \"vehicle\": { \"model\": \"845.P\", \"sequence\": 1, \"description\": \"845-P-L\", \"vehicleAttributes\": [], \"seatMap\": [], \"contingents\": [] } }, \"externalId\": \"f6066a0f-c9c8-4310-ab8f-8180e525acbc\", \"traceFromId\": 1453, \"traceFromName\": \"Liberec\", \"traceToId\": 1482, \"traceFromSequence\": 1, \"traceToName\": \"Turnov\", \"traceToSequence\": 3, \"expiresAt\": null, \"date\": \"2023-12-05T00:00:00\", \"lineNumber\": \"R1073\", \"routeName\": \"R14A\", \"reservationStatus\": \"Confirmed\", \"vehicleOrder\": 0, \"reservationType\": \"Reservation\" } ] Now, the reservationStatus is set to Confirmed, and the value of expiresAt is NULL.","releasing-temporary-reservations#Releasing Temporary Reservations":"If a purchase is canceled without confirmation, instead of confirmation, call /v1/Reservation/ExtReleaseReservations with the parameter:\n{ \"externalReservationsIds\": [\"e56a9c34-6ab3-4817-b013-d2d31eecd457\"] } This will return only true/false. It releases the reserved seat for other customers, and there is no need to wait for the expiration.","seat-reservation#Seat Reservation":"Obtaining Input Data To successfully reserve a seat, you need to know the route, departure and arrival stations, and the travel date. For stations, we will use a list provided by the call /v1/Constants/GetAllPlaces. The station list is comprehensive and should be saved locally to avoid excessive communication. Based on the directory, we assign specific identifiers to departure and arrival stations. Now, we call /v1/Route/ExtSearch to retrieve the line number or the line numbers in the case of transfers.\nLet’s say we want to travel on December 5, 2023, at 16:00 from Liberec to Turnov. Liberec has ID=1453, and Turnov has ID=1482. The search will return the line “R 1073,” where 1073 is the line number.","seat-reservation-1#Seat Reservation":"Suppose we need one seat; we will call /v1/Reservation/ExtMakeReservations with parameters:\n{ \"lineNumber\": \"1073\", \"date\": \"2023-12-05T00:00:00.000Z\", \"traceStationFromId\": 1453, \"traceStationToId\": 1482, \"count\": 1 } and receive a response:\n[ { \"seat\": { \"isAvailable\": false, \"seatAttributes\": [\"Window\", \"V230\", \"Silent\"], \"isEnabled\": true, \"description\": \"11\", \"orientation\": \"Backward\", \"coordX\": 0, \"coordY\": 4, \"floor\": 1, \"vehicle\": { \"model\": \"845.P\", \"sequence\": 1, \"description\": \"845-P-L\", \"vehicleAttributes\": [\"WiFi\", \"Silent\", \"V230\"], \"seatMap\": [], \"contingents\": [] } }, \"externalId\": \"f6066a0f-c9c8-4310-ab8f-8180e525acbc\", \"traceFromId\": 1453, \"traceFromName\": \"Liberec\", \"traceToId\": 1482, \"traceFromSequence\": 1, \"traceToName\": \"Turnov\", \"traceToSequence\": 3, \"expiresAt\": \"2023-11-15T15:56:03.759+01:00\", \"date\": \"2023-12-05T00:00:00\", \"lineNumber\": \"R1073\", \"routeName\": \"R14A\", \"reservationStatus\": \"Temporary\", \"vehicleOrder\": 0, \"reservationType\": \"Reservation\" } ] Description of key values: seat describes the selected seat, including its position in the car (coordX, coordY), its attributes (seatAttributes), and information about the vehicle. externalId is the value used to identify the reservation for future operations. Next are route information (traceFromId, traceFromName…), date specifies the travel date, and lineNumber is the line number. reservationStatus Temporary indicates that it is a temporary reservation with automatic expiration set (expiresAt). After this time, the reservation will cease to exist unless confirmed.","seating-structure#Seating Structure":"Each train consists of one to n vehicles. Vehicles contain contingents, which are abstract blocks of seats or other elements. The type of contingent determines whether it is a mandatory reservation section or a capacity section. Capacity is used for limited resources such as animals, bicycles, etc., which can only be sold in a limited quantity within the vehicles but do not have specific seats.\nThe vehicles are then identified by their order in the train and description."},"title":"Reservation system"},"/docs/public/docs/e-shop/":{"data":{"welcome-to-the-external-api-integration-guide#Welcome to the External API Integration Guide":"Welcome to the External API Integration GuideThis guide is designed for anyone needing to integrate and effectively utilize our external API. It provides a clear and structured approach to correctly integrate and interact with our system.","what-you-will-learn#What You Will Learn:":" Obtaining a Bearer Token: Before beginning any API calls, it’s essential to acquire a token for authentication. Working with the API: Learn how to retrieve key constants, including lists of places, tariffs, and other necessary information. The Purchase Process: We’ll guide you through the entire purchase process, from authentication to retrieving the order. Each step is detailed with examples and instructions to make integration as simple and efficient as possible. This guide is an invaluable resource for anyone looking to fully leverage the capabilities of our API."},"title":"E-shop"},"/docs/public/docs/e-shop/start/":{"data":{"":"","1-preparation#1. Preparation":"Before making any API calls, you need to have a bearer token. This can be obtained by calling the authentication endpoint.\nAuthentication: Obtain a bearer token by sending a POST request to /v1/Authentication/ExtAuthenticate with your username and password in the request body. For working with the API, you need to retrieve several constants, including lists of places, tariffs, etc. Specifically, you need to call:\n/v1/Constants/ExtAllPlaceTypes /v1/Constants/ExtAllPlaces /v1/Constants/ExtAllCompanies /v1/Constants/AllPassengerCategories ","2-purchase-process#2. Purchase Process":"Step 1: Authenticate POST /v1/Authentication/ExtAuthenticate Send username and password in the request. Receive a bearer token in the response to use for all subsequent calls. Step 2: Search for Places GET /v1/Place/ExtSearch Search for the place of departure and arrival, e.g., “Praha” (id: 2236), “Pribram” (id: 3062). Store the place IDs for searching connections. Set limit: 10 to restrict the number of results. Step 3: Search for Routes POST /v1/Route/ExtSearch Required parameters: sourcePlaceId, targetPlaceId, and date. Optional parameters can be removed if not needed. Example payload: { \"sourcePlaceId\": 2236, \"targetPlaceId\": 3062, \"dateTime\": \"2023-11-08T10:34:22.791Z\" } Receive a searchId in the response. Step 4: Begin Purchase Process POST /v1/Purchase/ExtBegin Initiate the purchase process and receive various IDs, including purchaseId. Step 5: Set Passengers to Connection POST /v1/Purchase/ExtSetPassengersToConnection Required parameters: purchaseId, searchId, and passengers. Passengers info is retrieved from /v1/Constants/AllPassengerCategories. Step 6: Make Reservations POST /v1/Reservation/ExtMakeReservations Create reservations using data obtained from RouteSearch. Step 7: Set Reservations to Cart POST /v1/Purchase/ExtSetReservationsToCart Add created reservations to a specific cart (cartId) for a specific connection (searchId). Step 8: Mark Purchase as Paid POST /v1/Purchase/PurchasePaid Mark the order as paid using purchaseId. Step 9: Retrieve Order GET /v1/Purchase/GetOrder Retrieve the order details using orderId. "},"title":"External API Integration Guide"},"/docs/public/docs/first-page/":{"data":{"":"","#":"Tailored Seat Reservation With our intuitive system, you can easily select and reserve a seat on a train or bus. We offer various types of seating, including reserved seats, spaces for bicycles and animals, seats for persons with reduced mobility, and many more.\nFlexibility at Your Fingertips Need to change your seat? No problem. Our system’s flexibility allows you to easily modify reservations to accommodate your changing plans.\nEasy Access to Information Access to extensive information about routes, vehicles, and seat availability is now at your fingertips. Our API provides detailed information for efficient travel planning.\nSafe and Reliable Reservations Safety and reliability are our top priorities. Our system ensures that your reservation is always processed correctly and all your data is protected with the latest technology."},"title":"About the documentation"}}