<rss version="2.0" xmlns:atom="http://www.w3.org/2005/Atom">
  <channel>
    <title>ArrivAPI – Welcome to Arriva Reservation System documentation</title>
    <link>https://beta-api.arriva.cz/docs/public/</link>
    <description>Recent content in Welcome to Arriva Reservation System documentation on ArrivAPI</description>
    <generator>Hugo -- gohugo.io</generator>
    <language>en</language>
    
	  <atom:link href="https://beta-api.arriva.cz/docs/public/index.xml" rel="self" type="application/rss+xml" />
    
    
      
      
    
    
  </channel>
</rss>
