<rss version="2.0" xmlns:atom="http://www.w3.org/2005/Atom">
  <channel>
    <title>ArrivAPI – E-shop</title>
    <link>https://beta-api.arriva.cz/docs/public/docs/e-shop/</link>
    <description>Recent content in E-shop on ArrivAPI</description>
    <generator>Hugo -- gohugo.io</generator>
    <language>en</language>
    
	  <atom:link href="https://beta-api.arriva.cz/docs/public/docs/e-shop/index.xml" rel="self" type="application/rss+xml" />
    
    
      
        
      
    
    
    <item>
      <title>External API Integration Guide</title>
      <link>https://beta-api.arriva.cz/docs/public/docs/e-shop/start/</link>
      <pubDate>Mon, 01 Jan 0001 00:00:00 +0000</pubDate>
      
      <guid>https://beta-api.arriva.cz/docs/public/docs/e-shop/start/</guid>
      <description>
        
        
        &lt;h2&gt;1. Preparation&lt;span class=&#34;absolute -mt-20&#34; id=&#34;1-preparation&#34;&gt;&lt;/span&gt;
    &lt;a href=&#34;#1-preparation&#34; class=&#34;subheading-anchor&#34; aria-label=&#34;Permalink for this section&#34;&gt;&lt;/a&gt;&lt;/h2&gt;&lt;p&gt;Before making any API calls, you need to have a bearer token. This can be obtained by calling the authentication endpoint.&lt;/p&gt;
&lt;ul&gt;
&lt;li&gt;&lt;strong&gt;Authentication&lt;/strong&gt;: Obtain a bearer token by sending a &lt;code&gt;POST&lt;/code&gt; request to &lt;code&gt;/v1/Authentication/ExtAuthenticate&lt;/code&gt; with your username and password in the request body.&lt;/li&gt;
&lt;/ul&gt;
&lt;p&gt;For working with the API, you need to retrieve several constants, including lists of places, tariffs, etc. Specifically, you need to call:&lt;/p&gt;
&lt;ul&gt;
&lt;li&gt;&lt;code&gt;/v1/Constants/ExtAllPlaceTypes&lt;/code&gt;&lt;/li&gt;
&lt;li&gt;&lt;code&gt;/v1/Constants/ExtAllPlaces&lt;/code&gt;&lt;/li&gt;
&lt;li&gt;&lt;code&gt;/v1/Constants/ExtAllCompanies&lt;/code&gt;&lt;/li&gt;
&lt;li&gt;&lt;code&gt;/v1/Constants/AllPassengerCategories&lt;/code&gt;&lt;/li&gt;
&lt;/ul&gt;
&lt;h2&gt;2. Purchase Process&lt;span class=&#34;absolute -mt-20&#34; id=&#34;2-purchase-process&#34;&gt;&lt;/span&gt;
    &lt;a href=&#34;#2-purchase-process&#34; class=&#34;subheading-anchor&#34; aria-label=&#34;Permalink for this section&#34;&gt;&lt;/a&gt;&lt;/h2&gt;&lt;h3&gt;Step 1: Authenticate&lt;span class=&#34;absolute -mt-20&#34; id=&#34;step-1-authenticate&#34;&gt;&lt;/span&gt;
    &lt;a href=&#34;#step-1-authenticate&#34; class=&#34;subheading-anchor&#34; aria-label=&#34;Permalink for this section&#34;&gt;&lt;/a&gt;&lt;/h3&gt;&lt;div class=&#34;code-block relative mt-6 first:mt-0 group/code&#34;&gt;&lt;div&gt;&lt;div class=&#34;highlight&#34;&gt;&lt;pre tabindex=&#34;0&#34; class=&#34;chroma&#34;&gt;&lt;code class=&#34;language-plaintext&#34; data-lang=&#34;plaintext&#34;&gt;&lt;span class=&#34;line&#34;&gt;&lt;span class=&#34;cl&#34;&gt;POST /v1/Authentication/ExtAuthenticate&lt;/span&gt;&lt;/span&gt;&lt;/code&gt;&lt;/pre&gt;&lt;/div&gt;&lt;/div&gt;&lt;div class=&#34;opacity-0 transition group-hover/code:opacity-100 flex gap-1 absolute m-[11px] right-0 top-0&#34;&gt;
    &lt;button
      class=&#34;code-copy-btn group/copybtn transition-all active:opacity-50 bg-primary-700/5 border border-black/5 text-gray-600 hover:text-gray-900 rounded-md p-1.5 dark:bg-primary-300/10 dark:border-white/10 dark:text-gray-400 dark:hover:text-gray-50&#34;
      title=&#34;Copy code&#34;
    &gt;
      &lt;div class=&#34;group-[.copied]/copybtn:hidden copy-icon pointer-events-none h-4 w-4&#34;&gt;&lt;/div&gt;
      &lt;div class=&#34;hidden group-[.copied]/copybtn:block success-icon pointer-events-none h-4 w-4&#34;&gt;&lt;/div&gt;
    &lt;/button&gt;
  &lt;/div&gt;
&lt;/div&gt;
&lt;ul&gt;
&lt;li&gt;Send username and password in the request.&lt;/li&gt;
&lt;li&gt;Receive a bearer token in the response to use for all subsequent calls.&lt;/li&gt;
&lt;/ul&gt;
&lt;h3&gt;Step 2: Search for Places&lt;span class=&#34;absolute -mt-20&#34; id=&#34;step-2-search-for-places&#34;&gt;&lt;/span&gt;
    &lt;a href=&#34;#step-2-search-for-places&#34; class=&#34;subheading-anchor&#34; aria-label=&#34;Permalink for this section&#34;&gt;&lt;/a&gt;&lt;/h3&gt;&lt;div class=&#34;code-block relative mt-6 first:mt-0 group/code&#34;&gt;&lt;div&gt;&lt;div class=&#34;highlight&#34;&gt;&lt;pre tabindex=&#34;0&#34; class=&#34;chroma&#34;&gt;&lt;code class=&#34;language-plaintext&#34; data-lang=&#34;plaintext&#34;&gt;&lt;span class=&#34;line&#34;&gt;&lt;span class=&#34;cl&#34;&gt;GET /v1/Place/ExtSearch&lt;/span&gt;&lt;/span&gt;&lt;/code&gt;&lt;/pre&gt;&lt;/div&gt;&lt;/div&gt;&lt;div class=&#34;opacity-0 transition group-hover/code:opacity-100 flex gap-1 absolute m-[11px] right-0 top-0&#34;&gt;
    &lt;button
      class=&#34;code-copy-btn group/copybtn transition-all active:opacity-50 bg-primary-700/5 border border-black/5 text-gray-600 hover:text-gray-900 rounded-md p-1.5 dark:bg-primary-300/10 dark:border-white/10 dark:text-gray-400 dark:hover:text-gray-50&#34;
      title=&#34;Copy code&#34;
    &gt;
      &lt;div class=&#34;group-[.copied]/copybtn:hidden copy-icon pointer-events-none h-4 w-4&#34;&gt;&lt;/div&gt;
      &lt;div class=&#34;hidden group-[.copied]/copybtn:block success-icon pointer-events-none h-4 w-4&#34;&gt;&lt;/div&gt;
    &lt;/button&gt;
  &lt;/div&gt;
&lt;/div&gt;
&lt;ul&gt;
&lt;li&gt;Search for the place of departure and arrival, e.g., &amp;ldquo;Praha&amp;rdquo; (id: 2236), &amp;ldquo;Pribram&amp;rdquo; (id: 3062).&lt;/li&gt;
&lt;li&gt;Store the place IDs for searching connections.&lt;/li&gt;
&lt;li&gt;Set &lt;code&gt;limit: 10&lt;/code&gt; to restrict the number of results.&lt;/li&gt;
&lt;/ul&gt;
&lt;h3&gt;Step 3: Search for Routes&lt;span class=&#34;absolute -mt-20&#34; id=&#34;step-3-search-for-routes&#34;&gt;&lt;/span&gt;
    &lt;a href=&#34;#step-3-search-for-routes&#34; class=&#34;subheading-anchor&#34; aria-label=&#34;Permalink for this section&#34;&gt;&lt;/a&gt;&lt;/h3&gt;&lt;div class=&#34;code-block relative mt-6 first:mt-0 group/code&#34;&gt;&lt;div&gt;&lt;div class=&#34;highlight&#34;&gt;&lt;pre tabindex=&#34;0&#34; class=&#34;chroma&#34;&gt;&lt;code class=&#34;language-plaintext&#34; data-lang=&#34;plaintext&#34;&gt;&lt;span class=&#34;line&#34;&gt;&lt;span class=&#34;cl&#34;&gt;POST /v1/Route/ExtSearch&lt;/span&gt;&lt;/span&gt;&lt;/code&gt;&lt;/pre&gt;&lt;/div&gt;&lt;/div&gt;&lt;div class=&#34;opacity-0 transition group-hover/code:opacity-100 flex gap-1 absolute m-[11px] right-0 top-0&#34;&gt;
    &lt;button
      class=&#34;code-copy-btn group/copybtn transition-all active:opacity-50 bg-primary-700/5 border border-black/5 text-gray-600 hover:text-gray-900 rounded-md p-1.5 dark:bg-primary-300/10 dark:border-white/10 dark:text-gray-400 dark:hover:text-gray-50&#34;
      title=&#34;Copy code&#34;
    &gt;
      &lt;div class=&#34;group-[.copied]/copybtn:hidden copy-icon pointer-events-none h-4 w-4&#34;&gt;&lt;/div&gt;
      &lt;div class=&#34;hidden group-[.copied]/copybtn:block success-icon pointer-events-none h-4 w-4&#34;&gt;&lt;/div&gt;
    &lt;/button&gt;
  &lt;/div&gt;
&lt;/div&gt;
&lt;ul&gt;
&lt;li&gt;Required parameters: &lt;code&gt;sourcePlaceId&lt;/code&gt;, &lt;code&gt;targetPlaceId&lt;/code&gt;, and &lt;code&gt;date&lt;/code&gt;.&lt;/li&gt;
&lt;li&gt;Optional parameters can be removed if not needed.&lt;/li&gt;
&lt;li&gt;Example payload:&lt;/li&gt;
&lt;/ul&gt;
&lt;div class=&#34;code-block relative mt-6 first:mt-0 group/code&#34;&gt;&lt;div&gt;&lt;div class=&#34;highlight&#34;&gt;&lt;pre tabindex=&#34;0&#34; class=&#34;chroma&#34;&gt;&lt;code class=&#34;language-json&#34; data-lang=&#34;json&#34;&gt;&lt;span class=&#34;line&#34;&gt;&lt;span class=&#34;cl&#34;&gt;&lt;span class=&#34;p&#34;&gt;{&lt;/span&gt;
&lt;/span&gt;&lt;/span&gt;&lt;span class=&#34;line&#34;&gt;&lt;span class=&#34;cl&#34;&gt;  &lt;span class=&#34;nt&#34;&gt;&amp;#34;sourcePlaceId&amp;#34;&lt;/span&gt;&lt;span class=&#34;p&#34;&gt;:&lt;/span&gt; &lt;span class=&#34;mi&#34;&gt;2236&lt;/span&gt;&lt;span class=&#34;p&#34;&gt;,&lt;/span&gt;
&lt;/span&gt;&lt;/span&gt;&lt;span class=&#34;line&#34;&gt;&lt;span class=&#34;cl&#34;&gt;  &lt;span class=&#34;nt&#34;&gt;&amp;#34;targetPlaceId&amp;#34;&lt;/span&gt;&lt;span class=&#34;p&#34;&gt;:&lt;/span&gt; &lt;span class=&#34;mi&#34;&gt;3062&lt;/span&gt;&lt;span class=&#34;p&#34;&gt;,&lt;/span&gt;
&lt;/span&gt;&lt;/span&gt;&lt;span class=&#34;line&#34;&gt;&lt;span class=&#34;cl&#34;&gt;  &lt;span class=&#34;nt&#34;&gt;&amp;#34;dateTime&amp;#34;&lt;/span&gt;&lt;span class=&#34;p&#34;&gt;:&lt;/span&gt; &lt;span class=&#34;s2&#34;&gt;&amp;#34;2023-11-08T10:34:22.791Z&amp;#34;&lt;/span&gt;
&lt;/span&gt;&lt;/span&gt;&lt;span class=&#34;line&#34;&gt;&lt;span class=&#34;cl&#34;&gt;&lt;span class=&#34;p&#34;&gt;}&lt;/span&gt;&lt;/span&gt;&lt;/span&gt;&lt;/code&gt;&lt;/pre&gt;&lt;/div&gt;&lt;/div&gt;&lt;div class=&#34;opacity-0 transition group-hover/code:opacity-100 flex gap-1 absolute m-[11px] right-0 top-0&#34;&gt;
    &lt;button
      class=&#34;code-copy-btn group/copybtn transition-all active:opacity-50 bg-primary-700/5 border border-black/5 text-gray-600 hover:text-gray-900 rounded-md p-1.5 dark:bg-primary-300/10 dark:border-white/10 dark:text-gray-400 dark:hover:text-gray-50&#34;
      title=&#34;Copy code&#34;
    &gt;
      &lt;div class=&#34;group-[.copied]/copybtn:hidden copy-icon pointer-events-none h-4 w-4&#34;&gt;&lt;/div&gt;
      &lt;div class=&#34;hidden group-[.copied]/copybtn:block success-icon pointer-events-none h-4 w-4&#34;&gt;&lt;/div&gt;
    &lt;/button&gt;
  &lt;/div&gt;
&lt;/div&gt;
&lt;ul&gt;
&lt;li&gt;Receive a &lt;code&gt;searchId&lt;/code&gt; in the response.&lt;/li&gt;
&lt;/ul&gt;
&lt;h3&gt;Step 4: Begin Purchase Process&lt;span class=&#34;absolute -mt-20&#34; id=&#34;step-4-begin-purchase-process&#34;&gt;&lt;/span&gt;
    &lt;a href=&#34;#step-4-begin-purchase-process&#34; class=&#34;subheading-anchor&#34; aria-label=&#34;Permalink for this section&#34;&gt;&lt;/a&gt;&lt;/h3&gt;&lt;div class=&#34;code-block relative mt-6 first:mt-0 group/code&#34;&gt;&lt;div&gt;&lt;div class=&#34;highlight&#34;&gt;&lt;pre tabindex=&#34;0&#34; class=&#34;chroma&#34;&gt;&lt;code class=&#34;language-plaintext&#34; data-lang=&#34;plaintext&#34;&gt;&lt;span class=&#34;line&#34;&gt;&lt;span class=&#34;cl&#34;&gt;POST /v1/Purchase/ExtBegin&lt;/span&gt;&lt;/span&gt;&lt;/code&gt;&lt;/pre&gt;&lt;/div&gt;&lt;/div&gt;&lt;div class=&#34;opacity-0 transition group-hover/code:opacity-100 flex gap-1 absolute m-[11px] right-0 top-0&#34;&gt;
    &lt;button
      class=&#34;code-copy-btn group/copybtn transition-all active:opacity-50 bg-primary-700/5 border border-black/5 text-gray-600 hover:text-gray-900 rounded-md p-1.5 dark:bg-primary-300/10 dark:border-white/10 dark:text-gray-400 dark:hover:text-gray-50&#34;
      title=&#34;Copy code&#34;
    &gt;
      &lt;div class=&#34;group-[.copied]/copybtn:hidden copy-icon pointer-events-none h-4 w-4&#34;&gt;&lt;/div&gt;
      &lt;div class=&#34;hidden group-[.copied]/copybtn:block success-icon pointer-events-none h-4 w-4&#34;&gt;&lt;/div&gt;
    &lt;/button&gt;
  &lt;/div&gt;
&lt;/div&gt;
&lt;ul&gt;
&lt;li&gt;Initiate the purchase process and receive various IDs, including &lt;code&gt;purchaseId&lt;/code&gt;.&lt;/li&gt;
&lt;/ul&gt;
&lt;h3&gt;Step 5: Set Passengers to Connection&lt;span class=&#34;absolute -mt-20&#34; id=&#34;step-5-set-passengers-to-connection&#34;&gt;&lt;/span&gt;
    &lt;a href=&#34;#step-5-set-passengers-to-connection&#34; class=&#34;subheading-anchor&#34; aria-label=&#34;Permalink for this section&#34;&gt;&lt;/a&gt;&lt;/h3&gt;&lt;div class=&#34;code-block relative mt-6 first:mt-0 group/code&#34;&gt;&lt;div&gt;&lt;div class=&#34;highlight&#34;&gt;&lt;pre tabindex=&#34;0&#34; class=&#34;chroma&#34;&gt;&lt;code class=&#34;language-plaintext&#34; data-lang=&#34;plaintext&#34;&gt;&lt;span class=&#34;line&#34;&gt;&lt;span class=&#34;cl&#34;&gt;POST /v1/Purchase/ExtSetPassengersToConnection&lt;/span&gt;&lt;/span&gt;&lt;/code&gt;&lt;/pre&gt;&lt;/div&gt;&lt;/div&gt;&lt;div class=&#34;opacity-0 transition group-hover/code:opacity-100 flex gap-1 absolute m-[11px] right-0 top-0&#34;&gt;
    &lt;button
      class=&#34;code-copy-btn group/copybtn transition-all active:opacity-50 bg-primary-700/5 border border-black/5 text-gray-600 hover:text-gray-900 rounded-md p-1.5 dark:bg-primary-300/10 dark:border-white/10 dark:text-gray-400 dark:hover:text-gray-50&#34;
      title=&#34;Copy code&#34;
    &gt;
      &lt;div class=&#34;group-[.copied]/copybtn:hidden copy-icon pointer-events-none h-4 w-4&#34;&gt;&lt;/div&gt;
      &lt;div class=&#34;hidden group-[.copied]/copybtn:block success-icon pointer-events-none h-4 w-4&#34;&gt;&lt;/div&gt;
    &lt;/button&gt;
  &lt;/div&gt;
&lt;/div&gt;
&lt;ul&gt;
&lt;li&gt;Required parameters: &lt;code&gt;purchaseId&lt;/code&gt;, &lt;code&gt;searchId&lt;/code&gt;, and &lt;code&gt;passengers&lt;/code&gt;.&lt;/li&gt;
&lt;li&gt;Passengers info is retrieved from &lt;code&gt;/v1/Constants/AllPassengerCategories&lt;/code&gt;.&lt;/li&gt;
&lt;/ul&gt;
&lt;h3&gt;Step 6: Make Reservations&lt;span class=&#34;absolute -mt-20&#34; id=&#34;step-6-make-reservations&#34;&gt;&lt;/span&gt;
    &lt;a href=&#34;#step-6-make-reservations&#34; class=&#34;subheading-anchor&#34; aria-label=&#34;Permalink for this section&#34;&gt;&lt;/a&gt;&lt;/h3&gt;&lt;div class=&#34;code-block relative mt-6 first:mt-0 group/code&#34;&gt;&lt;div&gt;&lt;div class=&#34;highlight&#34;&gt;&lt;pre tabindex=&#34;0&#34; class=&#34;chroma&#34;&gt;&lt;code class=&#34;language-plaintext&#34; data-lang=&#34;plaintext&#34;&gt;&lt;span class=&#34;line&#34;&gt;&lt;span class=&#34;cl&#34;&gt;POST /v1/Reservation/ExtMakeReservations&lt;/span&gt;&lt;/span&gt;&lt;/code&gt;&lt;/pre&gt;&lt;/div&gt;&lt;/div&gt;&lt;div class=&#34;opacity-0 transition group-hover/code:opacity-100 flex gap-1 absolute m-[11px] right-0 top-0&#34;&gt;
    &lt;button
      class=&#34;code-copy-btn group/copybtn transition-all active:opacity-50 bg-primary-700/5 border border-black/5 text-gray-600 hover:text-gray-900 rounded-md p-1.5 dark:bg-primary-300/10 dark:border-white/10 dark:text-gray-400 dark:hover:text-gray-50&#34;
      title=&#34;Copy code&#34;
    &gt;
      &lt;div class=&#34;group-[.copied]/copybtn:hidden copy-icon pointer-events-none h-4 w-4&#34;&gt;&lt;/div&gt;
      &lt;div class=&#34;hidden group-[.copied]/copybtn:block success-icon pointer-events-none h-4 w-4&#34;&gt;&lt;/div&gt;
    &lt;/button&gt;
  &lt;/div&gt;
&lt;/div&gt;
&lt;ul&gt;
&lt;li&gt;Create reservations using data obtained from &lt;code&gt;RouteSearch&lt;/code&gt;.&lt;/li&gt;
&lt;/ul&gt;
&lt;h3&gt;Step 7: Set Reservations to Cart&lt;span class=&#34;absolute -mt-20&#34; id=&#34;step-7-set-reservations-to-cart&#34;&gt;&lt;/span&gt;
    &lt;a href=&#34;#step-7-set-reservations-to-cart&#34; class=&#34;subheading-anchor&#34; aria-label=&#34;Permalink for this section&#34;&gt;&lt;/a&gt;&lt;/h3&gt;&lt;div class=&#34;code-block relative mt-6 first:mt-0 group/code&#34;&gt;&lt;div&gt;&lt;div class=&#34;highlight&#34;&gt;&lt;pre tabindex=&#34;0&#34; class=&#34;chroma&#34;&gt;&lt;code class=&#34;language-plaintext&#34; data-lang=&#34;plaintext&#34;&gt;&lt;span class=&#34;line&#34;&gt;&lt;span class=&#34;cl&#34;&gt;POST /v1/Purchase/ExtSetReservationsToCart&lt;/span&gt;&lt;/span&gt;&lt;/code&gt;&lt;/pre&gt;&lt;/div&gt;&lt;/div&gt;&lt;div class=&#34;opacity-0 transition group-hover/code:opacity-100 flex gap-1 absolute m-[11px] right-0 top-0&#34;&gt;
    &lt;button
      class=&#34;code-copy-btn group/copybtn transition-all active:opacity-50 bg-primary-700/5 border border-black/5 text-gray-600 hover:text-gray-900 rounded-md p-1.5 dark:bg-primary-300/10 dark:border-white/10 dark:text-gray-400 dark:hover:text-gray-50&#34;
      title=&#34;Copy code&#34;
    &gt;
      &lt;div class=&#34;group-[.copied]/copybtn:hidden copy-icon pointer-events-none h-4 w-4&#34;&gt;&lt;/div&gt;
      &lt;div class=&#34;hidden group-[.copied]/copybtn:block success-icon pointer-events-none h-4 w-4&#34;&gt;&lt;/div&gt;
    &lt;/button&gt;
  &lt;/div&gt;
&lt;/div&gt;
&lt;ul&gt;
&lt;li&gt;Add created reservations to a specific cart (&lt;code&gt;cartId&lt;/code&gt;) for a specific connection (&lt;code&gt;searchId&lt;/code&gt;).&lt;/li&gt;
&lt;/ul&gt;
&lt;h3&gt;Step 8: Mark Purchase as Paid&lt;span class=&#34;absolute -mt-20&#34; id=&#34;step-8-mark-purchase-as-paid&#34;&gt;&lt;/span&gt;
    &lt;a href=&#34;#step-8-mark-purchase-as-paid&#34; class=&#34;subheading-anchor&#34; aria-label=&#34;Permalink for this section&#34;&gt;&lt;/a&gt;&lt;/h3&gt;&lt;div class=&#34;code-block relative mt-6 first:mt-0 group/code&#34;&gt;&lt;div&gt;&lt;div class=&#34;highlight&#34;&gt;&lt;pre tabindex=&#34;0&#34; class=&#34;chroma&#34;&gt;&lt;code class=&#34;language-plaintext&#34; data-lang=&#34;plaintext&#34;&gt;&lt;span class=&#34;line&#34;&gt;&lt;span class=&#34;cl&#34;&gt;POST /v1/Purchase/PurchasePaid&lt;/span&gt;&lt;/span&gt;&lt;/code&gt;&lt;/pre&gt;&lt;/div&gt;&lt;/div&gt;&lt;div class=&#34;opacity-0 transition group-hover/code:opacity-100 flex gap-1 absolute m-[11px] right-0 top-0&#34;&gt;
    &lt;button
      class=&#34;code-copy-btn group/copybtn transition-all active:opacity-50 bg-primary-700/5 border border-black/5 text-gray-600 hover:text-gray-900 rounded-md p-1.5 dark:bg-primary-300/10 dark:border-white/10 dark:text-gray-400 dark:hover:text-gray-50&#34;
      title=&#34;Copy code&#34;
    &gt;
      &lt;div class=&#34;group-[.copied]/copybtn:hidden copy-icon pointer-events-none h-4 w-4&#34;&gt;&lt;/div&gt;
      &lt;div class=&#34;hidden group-[.copied]/copybtn:block success-icon pointer-events-none h-4 w-4&#34;&gt;&lt;/div&gt;
    &lt;/button&gt;
  &lt;/div&gt;
&lt;/div&gt;
&lt;ul&gt;
&lt;li&gt;Mark the order as paid using &lt;code&gt;purchaseId&lt;/code&gt;.&lt;/li&gt;
&lt;/ul&gt;
&lt;h3&gt;Step 9: Retrieve Order&lt;span class=&#34;absolute -mt-20&#34; id=&#34;step-9-retrieve-order&#34;&gt;&lt;/span&gt;
    &lt;a href=&#34;#step-9-retrieve-order&#34; class=&#34;subheading-anchor&#34; aria-label=&#34;Permalink for this section&#34;&gt;&lt;/a&gt;&lt;/h3&gt;&lt;div class=&#34;code-block relative mt-6 first:mt-0 group/code&#34;&gt;&lt;div&gt;&lt;div class=&#34;highlight&#34;&gt;&lt;pre tabindex=&#34;0&#34; class=&#34;chroma&#34;&gt;&lt;code class=&#34;language-plaintext&#34; data-lang=&#34;plaintext&#34;&gt;&lt;span class=&#34;line&#34;&gt;&lt;span class=&#34;cl&#34;&gt;GET /v1/Purchase/GetOrder&lt;/span&gt;&lt;/span&gt;&lt;/code&gt;&lt;/pre&gt;&lt;/div&gt;&lt;/div&gt;&lt;div class=&#34;opacity-0 transition group-hover/code:opacity-100 flex gap-1 absolute m-[11px] right-0 top-0&#34;&gt;
    &lt;button
      class=&#34;code-copy-btn group/copybtn transition-all active:opacity-50 bg-primary-700/5 border border-black/5 text-gray-600 hover:text-gray-900 rounded-md p-1.5 dark:bg-primary-300/10 dark:border-white/10 dark:text-gray-400 dark:hover:text-gray-50&#34;
      title=&#34;Copy code&#34;
    &gt;
      &lt;div class=&#34;group-[.copied]/copybtn:hidden copy-icon pointer-events-none h-4 w-4&#34;&gt;&lt;/div&gt;
      &lt;div class=&#34;hidden group-[.copied]/copybtn:block success-icon pointer-events-none h-4 w-4&#34;&gt;&lt;/div&gt;
    &lt;/button&gt;
  &lt;/div&gt;
&lt;/div&gt;
&lt;ul&gt;
&lt;li&gt;Retrieve the order details using &lt;code&gt;orderId&lt;/code&gt;.&lt;/li&gt;
&lt;/ul&gt;

      </description>
    </item>
    
  </channel>
</rss>
