<rss version="2.0" xmlns:atom="http://www.w3.org/2005/Atom">
  <channel>
    <title>ArrivAPI – Vítejte v dokumentaci Rezervačního Systému Arriva</title>
    <link>https://beta-api.arriva.cz/docs/public/cs/</link>
    <description>Recent content in Vítejte v dokumentaci Rezervačního Systému Arriva on ArrivAPI</description>
    <generator>Hugo -- gohugo.io</generator>
    <language>cs</language>
    
	  <atom:link href="https://beta-api.arriva.cz/docs/public/cs/index.xml" rel="self" type="application/rss+xml" />
    
    
      
      
    
    
  </channel>
</rss>
