<rss version="2.0" xmlns:atom="http://www.w3.org/2005/Atom">
  <channel>
    <title>ArrivAPI – Categories</title>
    <link>https://beta-api.arriva.cz/docs/public/cs/categories/</link>
    <description>Recent content in Categories on ArrivAPI</description>
    <generator>Hugo -- gohugo.io</generator>
    <language>cs</language>
    
	  <atom:link href="https://beta-api.arriva.cz/docs/public/cs/categories/index.xml" rel="self" type="application/rss+xml" />
    
    
      
        
      
    
    
  </channel>
</rss>
