<rss version="2.0" xmlns:atom="http://www.w3.org/2005/Atom">
  <channel>
    <title>ArrivAPI – API</title>
    <link>https://beta-api.arriva.cz/docs/public/cs/docs/api/</link>
    <description>Recent content in API on ArrivAPI</description>
    <generator>Hugo -- gohugo.io</generator>
    <language>cs</language>
    
	  <atom:link href="https://beta-api.arriva.cz/docs/public/cs/docs/api/index.xml" rel="self" type="application/rss+xml" />
    
    
      
        
      
    
    
    <item>
      <title>Rezervační systém</title>
      <link>https://beta-api.arriva.cz/docs/public/cs/docs/api/start/</link>
      <pubDate>Mon, 01 Jan 0001 00:00:00 +0000</pubDate>
      
      <guid>https://beta-api.arriva.cz/docs/public/cs/docs/api/start/</guid>
      <description>
        
        
        &lt;h2&gt;Struktura sedadel&lt;span class=&#34;absolute -mt-20&#34; id=&#34;struktura-sedadel&#34;&gt;&lt;/span&gt;
    &lt;a href=&#34;#struktura-sedadel&#34; class=&#34;subheading-anchor&#34; aria-label=&#34;Permalink for this section&#34;&gt;&lt;/a&gt;&lt;/h2&gt;&lt;p&gt;Každý spoj tvoří jeden až n vozů. Vozy obsahují contingenty, což je abstraktní blok sedadel nebo jiných prvků. Typ contingentu určuje, jestli se jedná o povinně místenkový oddíl nebo kapacitu. Kapacita se používá pro limitované zdroje, jako jsou zvířata, jízdní kola apod., kterých lze do vozu prodat pouze omezené množství, ale které nemají konkrétní místo.&lt;/p&gt;
&lt;p&gt;Vůz je pak značen pořadím v soupravě a popisem.&lt;/p&gt;
&lt;p&gt;Spoje jezdí po trase, která je určena číslem spoje (&lt;em&gt;LineNumber&lt;/em&gt;), např. R1322 je vlak na trase Liberec - Ústí nad Labem. Na této trase jezdí vlak několikrát denně, každý spoj v rámci dne má vlastní LineNumber (a může jet po jiné trase). Na druhou stranu linka 1322 jezdí denně a pro každou jízdu existuje záznam v tabulce &lt;strong&gt;LineInstance&lt;/strong&gt;, to je konkrétní jízda, na kterou zajišťujeme místenky. Pokud linka v některý den nejede, jednoduše chybí záznam v tabulce LineInstance se dnem, kdy spoj nejezdí.&lt;/p&gt;
&lt;h2&gt;Rezervace místenky&lt;span class=&#34;absolute -mt-20&#34; id=&#34;rezervace-místenky&#34;&gt;&lt;/span&gt;
    &lt;a href=&#34;#rezervace-m%c3%adstenky&#34; class=&#34;subheading-anchor&#34; aria-label=&#34;Permalink for this section&#34;&gt;&lt;/a&gt;&lt;/h2&gt;&lt;h3&gt;Získání vstupních dat&lt;span class=&#34;absolute -mt-20&#34; id=&#34;získání-vstupních-dat&#34;&gt;&lt;/span&gt;
    &lt;a href=&#34;#z%c3%adsk%c3%a1n%c3%ad-vstupn%c3%adch-dat&#34; class=&#34;subheading-anchor&#34; aria-label=&#34;Permalink for this section&#34;&gt;&lt;/a&gt;&lt;/h3&gt;&lt;p&gt;Pro úspěšnou rezervaci místa je třeba znát linku, stanice z a do a datum jízdy.
Pro stanice využijeme číselník, který poskytuje volání &lt;code&gt;/v1/Constants/GetAllPlaces&lt;/code&gt;. Seznam stanic je obsáhlý a je třeba si ho uložit lokálně, opakované volání by příliš vytěžovalo komunikaci.
Dle číselníku přiřadíme stanicím z a do konkrétní identifikátory. Nyní se volá &lt;code&gt;/v1/Route/ExtSearch&lt;/code&gt;, čímž se získá číslo linky; v případě přestupů více linek.&lt;/p&gt;
&lt;p&gt;Řekněme, že chceme jet 31.1.2024 v 6 hodin z Liberce do České Lípy. Liberec má ID=1453, Česká Lípa má ID=2187. Vyhledávání vrátí linku &amp;ldquo;R 1322&amp;rdquo;. kde &amp;ldquo;1322&amp;rdquo; je číslo linky.&lt;/p&gt;
&lt;h2&gt;Zjištění volné kapacity&lt;span class=&#34;absolute -mt-20&#34; id=&#34;zjištění-volné-kapacity&#34;&gt;&lt;/span&gt;
    &lt;a href=&#34;#zji%c5%a1t%c4%9bn%c3%ad-voln%c3%a9-kapacity&#34; class=&#34;subheading-anchor&#34; aria-label=&#34;Permalink for this section&#34;&gt;&lt;/a&gt;&lt;/h2&gt;&lt;p&gt;V této chvíli je třeba zjistit, jestli dotyčný spoj má volnou kapacitu. K tomu je třeba zavolat &lt;code&gt;/v1/Reservation/ExtGetFreeSeatsCount&lt;/code&gt; s následujícími parametry:&lt;/p&gt;
&lt;div class=&#34;code-block relative mt-6 first:mt-0 group/code&#34;&gt;&lt;div&gt;&lt;div class=&#34;highlight&#34;&gt;&lt;pre tabindex=&#34;0&#34; class=&#34;chroma&#34;&gt;&lt;code class=&#34;language-json&#34; data-lang=&#34;json&#34;&gt;&lt;span class=&#34;line&#34;&gt;&lt;span class=&#34;cl&#34;&gt;&lt;span class=&#34;p&#34;&gt;{&lt;/span&gt;
&lt;/span&gt;&lt;/span&gt;&lt;span class=&#34;line&#34;&gt;&lt;span class=&#34;cl&#34;&gt;  &lt;span class=&#34;nt&#34;&gt;&amp;#34;lineNumber&amp;#34;&lt;/span&gt;&lt;span class=&#34;p&#34;&gt;:&lt;/span&gt; &lt;span class=&#34;s2&#34;&gt;&amp;#34;1322&amp;#34;&lt;/span&gt;&lt;span class=&#34;p&#34;&gt;,&lt;/span&gt;
&lt;/span&gt;&lt;/span&gt;&lt;span class=&#34;line&#34;&gt;&lt;span class=&#34;cl&#34;&gt;  &lt;span class=&#34;nt&#34;&gt;&amp;#34;date&amp;#34;&lt;/span&gt;&lt;span class=&#34;p&#34;&gt;:&lt;/span&gt; &lt;span class=&#34;s2&#34;&gt;&amp;#34;2024-01-31T06:00:00.000Z&amp;#34;&lt;/span&gt;&lt;span class=&#34;p&#34;&gt;,&lt;/span&gt;
&lt;/span&gt;&lt;/span&gt;&lt;span class=&#34;line&#34;&gt;&lt;span class=&#34;cl&#34;&gt;  &lt;span class=&#34;nt&#34;&gt;&amp;#34;traceStationFromId&amp;#34;&lt;/span&gt;&lt;span class=&#34;p&#34;&gt;:&lt;/span&gt; &lt;span class=&#34;mi&#34;&gt;1453&lt;/span&gt;&lt;span class=&#34;p&#34;&gt;,&lt;/span&gt;
&lt;/span&gt;&lt;/span&gt;&lt;span class=&#34;line&#34;&gt;&lt;span class=&#34;cl&#34;&gt;  &lt;span class=&#34;nt&#34;&gt;&amp;#34;traceStationToId&amp;#34;&lt;/span&gt;&lt;span class=&#34;p&#34;&gt;:&lt;/span&gt; &lt;span class=&#34;mi&#34;&gt;2187&lt;/span&gt;
&lt;/span&gt;&lt;/span&gt;&lt;span class=&#34;line&#34;&gt;&lt;span class=&#34;cl&#34;&gt;&lt;span class=&#34;p&#34;&gt;}&lt;/span&gt;&lt;/span&gt;&lt;/span&gt;&lt;/code&gt;&lt;/pre&gt;&lt;/div&gt;&lt;/div&gt;&lt;div class=&#34;opacity-0 transition group-hover/code:opacity-100 flex gap-1 absolute m-[11px] right-0 top-0&#34;&gt;
    &lt;button
      class=&#34;code-copy-btn group/copybtn transition-all active:opacity-50 bg-primary-700/5 border border-black/5 text-gray-600 hover:text-gray-900 rounded-md p-1.5 dark:bg-primary-300/10 dark:border-white/10 dark:text-gray-400 dark:hover:text-gray-50&#34;
      title=&#34;Zkopírovat kód&#34;
    &gt;
      &lt;div class=&#34;group-[.copied]/copybtn:hidden copy-icon pointer-events-none h-4 w-4&#34;&gt;&lt;/div&gt;
      &lt;div class=&#34;hidden group-[.copied]/copybtn:block success-icon pointer-events-none h-4 w-4&#34;&gt;&lt;/div&gt;
    &lt;/button&gt;
  &lt;/div&gt;
&lt;/div&gt;
&lt;p&gt;Výsledek bude přibližně tento:&lt;/p&gt;
&lt;div class=&#34;code-block relative mt-6 first:mt-0 group/code&#34;&gt;&lt;div&gt;&lt;div class=&#34;highlight&#34;&gt;&lt;pre tabindex=&#34;0&#34; class=&#34;chroma&#34;&gt;&lt;code class=&#34;language-json&#34; data-lang=&#34;json&#34;&gt;&lt;span class=&#34;line&#34;&gt;&lt;span class=&#34;cl&#34;&gt;&lt;span class=&#34;p&#34;&gt;[&lt;/span&gt;
&lt;/span&gt;&lt;/span&gt;&lt;span class=&#34;line&#34;&gt;&lt;span class=&#34;cl&#34;&gt;  &lt;span class=&#34;p&#34;&gt;{&lt;/span&gt;
&lt;/span&gt;&lt;/span&gt;&lt;span class=&#34;line&#34;&gt;&lt;span class=&#34;cl&#34;&gt;    &lt;span class=&#34;nt&#34;&gt;&amp;#34;contingentTypeId&amp;#34;&lt;/span&gt;&lt;span class=&#34;p&#34;&gt;:&lt;/span&gt; &lt;span class=&#34;mi&#34;&gt;1&lt;/span&gt;&lt;span class=&#34;p&#34;&gt;,&lt;/span&gt;
&lt;/span&gt;&lt;/span&gt;&lt;span class=&#34;line&#34;&gt;&lt;span class=&#34;cl&#34;&gt;    &lt;span class=&#34;nt&#34;&gt;&amp;#34;capacityResult&amp;#34;&lt;/span&gt;&lt;span class=&#34;p&#34;&gt;:&lt;/span&gt; &lt;span class=&#34;p&#34;&gt;{&lt;/span&gt;
&lt;/span&gt;&lt;/span&gt;&lt;span class=&#34;line&#34;&gt;&lt;span class=&#34;cl&#34;&gt;      &lt;span class=&#34;nt&#34;&gt;&amp;#34;capacity&amp;#34;&lt;/span&gt;&lt;span class=&#34;p&#34;&gt;:&lt;/span&gt; &lt;span class=&#34;mi&#34;&gt;63&lt;/span&gt;&lt;span class=&#34;p&#34;&gt;,&lt;/span&gt;
&lt;/span&gt;&lt;/span&gt;&lt;span class=&#34;line&#34;&gt;&lt;span class=&#34;cl&#34;&gt;      &lt;span class=&#34;nt&#34;&gt;&amp;#34;available&amp;#34;&lt;/span&gt;&lt;span class=&#34;p&#34;&gt;:&lt;/span&gt; &lt;span class=&#34;mi&#34;&gt;54&lt;/span&gt;
&lt;/span&gt;&lt;/span&gt;&lt;span class=&#34;line&#34;&gt;&lt;span class=&#34;cl&#34;&gt;    &lt;span class=&#34;p&#34;&gt;}&lt;/span&gt;
&lt;/span&gt;&lt;/span&gt;&lt;span class=&#34;line&#34;&gt;&lt;span class=&#34;cl&#34;&gt;  &lt;span class=&#34;p&#34;&gt;}&lt;/span&gt;  &lt;span class=&#34;p&#34;&gt;,&lt;/span&gt;
&lt;/span&gt;&lt;/span&gt;&lt;span class=&#34;line&#34;&gt;&lt;span class=&#34;cl&#34;&gt;   &lt;span class=&#34;p&#34;&gt;{&lt;/span&gt;
&lt;/span&gt;&lt;/span&gt;&lt;span class=&#34;line&#34;&gt;&lt;span class=&#34;cl&#34;&gt;    &lt;span class=&#34;nt&#34;&gt;&amp;#34;contingentTypeId&amp;#34;&lt;/span&gt;&lt;span class=&#34;p&#34;&gt;:&lt;/span&gt; &lt;span class=&#34;mi&#34;&gt;3&lt;/span&gt;&lt;span class=&#34;p&#34;&gt;,&lt;/span&gt;
&lt;/span&gt;&lt;/span&gt;&lt;span class=&#34;line&#34;&gt;&lt;span class=&#34;cl&#34;&gt;    &lt;span class=&#34;nt&#34;&gt;&amp;#34;capacityResult&amp;#34;&lt;/span&gt;&lt;span class=&#34;p&#34;&gt;:&lt;/span&gt; &lt;span class=&#34;p&#34;&gt;{&lt;/span&gt;
&lt;/span&gt;&lt;/span&gt;&lt;span class=&#34;line&#34;&gt;&lt;span class=&#34;cl&#34;&gt;      &lt;span class=&#34;nt&#34;&gt;&amp;#34;capacity&amp;#34;&lt;/span&gt;&lt;span class=&#34;p&#34;&gt;:&lt;/span&gt; &lt;span class=&#34;mi&#34;&gt;10&lt;/span&gt;&lt;span class=&#34;p&#34;&gt;,&lt;/span&gt;
&lt;/span&gt;&lt;/span&gt;&lt;span class=&#34;line&#34;&gt;&lt;span class=&#34;cl&#34;&gt;      &lt;span class=&#34;nt&#34;&gt;&amp;#34;available&amp;#34;&lt;/span&gt;&lt;span class=&#34;p&#34;&gt;:&lt;/span&gt; &lt;span class=&#34;mi&#34;&gt;8&lt;/span&gt;
&lt;/span&gt;&lt;/span&gt;&lt;span class=&#34;line&#34;&gt;&lt;span class=&#34;cl&#34;&gt;    &lt;span class=&#34;p&#34;&gt;}&lt;/span&gt;
&lt;/span&gt;&lt;/span&gt;&lt;span class=&#34;line&#34;&gt;&lt;span class=&#34;cl&#34;&gt;  &lt;span class=&#34;p&#34;&gt;},&lt;/span&gt;
&lt;/span&gt;&lt;/span&gt;&lt;span class=&#34;line&#34;&gt;&lt;span class=&#34;cl&#34;&gt;   &lt;span class=&#34;p&#34;&gt;{&lt;/span&gt;
&lt;/span&gt;&lt;/span&gt;&lt;span class=&#34;line&#34;&gt;&lt;span class=&#34;cl&#34;&gt;    &lt;span class=&#34;nt&#34;&gt;&amp;#34;contingentTypeId&amp;#34;&lt;/span&gt;&lt;span class=&#34;p&#34;&gt;:&lt;/span&gt; &lt;span class=&#34;mi&#34;&gt;4&lt;/span&gt;&lt;span class=&#34;p&#34;&gt;,&lt;/span&gt;
&lt;/span&gt;&lt;/span&gt;&lt;span class=&#34;line&#34;&gt;&lt;span class=&#34;cl&#34;&gt;    &lt;span class=&#34;nt&#34;&gt;&amp;#34;capacityResult&amp;#34;&lt;/span&gt;&lt;span class=&#34;p&#34;&gt;:&lt;/span&gt; &lt;span class=&#34;p&#34;&gt;{&lt;/span&gt;
&lt;/span&gt;&lt;/span&gt;&lt;span class=&#34;line&#34;&gt;&lt;span class=&#34;cl&#34;&gt;      &lt;span class=&#34;nt&#34;&gt;&amp;#34;capacity&amp;#34;&lt;/span&gt;&lt;span class=&#34;p&#34;&gt;:&lt;/span&gt; &lt;span class=&#34;mi&#34;&gt;20&lt;/span&gt;&lt;span class=&#34;p&#34;&gt;,&lt;/span&gt;
&lt;/span&gt;&lt;/span&gt;&lt;span class=&#34;line&#34;&gt;&lt;span class=&#34;cl&#34;&gt;      &lt;span class=&#34;nt&#34;&gt;&amp;#34;available&amp;#34;&lt;/span&gt;&lt;span class=&#34;p&#34;&gt;:&lt;/span&gt; &lt;span class=&#34;mi&#34;&gt;17&lt;/span&gt;
&lt;/span&gt;&lt;/span&gt;&lt;span class=&#34;line&#34;&gt;&lt;span class=&#34;cl&#34;&gt;    &lt;span class=&#34;p&#34;&gt;}&lt;/span&gt;
&lt;/span&gt;&lt;/span&gt;&lt;span class=&#34;line&#34;&gt;&lt;span class=&#34;cl&#34;&gt;  &lt;span class=&#34;p&#34;&gt;}&lt;/span&gt;
&lt;/span&gt;&lt;/span&gt;&lt;span class=&#34;line&#34;&gt;&lt;span class=&#34;cl&#34;&gt;&lt;span class=&#34;p&#34;&gt;]&lt;/span&gt;&lt;/span&gt;&lt;/span&gt;&lt;/code&gt;&lt;/pre&gt;&lt;/div&gt;&lt;/div&gt;&lt;div class=&#34;opacity-0 transition group-hover/code:opacity-100 flex gap-1 absolute m-[11px] right-0 top-0&#34;&gt;
    &lt;button
      class=&#34;code-copy-btn group/copybtn transition-all active:opacity-50 bg-primary-700/5 border border-black/5 text-gray-600 hover:text-gray-900 rounded-md p-1.5 dark:bg-primary-300/10 dark:border-white/10 dark:text-gray-400 dark:hover:text-gray-50&#34;
      title=&#34;Zkopírovat kód&#34;
    &gt;
      &lt;div class=&#34;group-[.copied]/copybtn:hidden copy-icon pointer-events-none h-4 w-4&#34;&gt;&lt;/div&gt;
      &lt;div class=&#34;hidden group-[.copied]/copybtn:block success-icon pointer-events-none h-4 w-4&#34;&gt;&lt;/div&gt;
    &lt;/button&gt;
  &lt;/div&gt;
&lt;/div&gt;
&lt;p&gt;Znamená to, že tento spoj má jeden contingent typu 1, což odpovídá povinně místenkovému vozu. Jeho celková kapacita je 63 míst a zbývá 54 míst. Dále je možné prodat celkem 10 jízdenek pro jízdní kolo (TypeId=3), přičemž k dispozici je ještě 8 a 20 jízdenek pro psa (TypeId=4), kde je k dispozici 17 míst.&lt;/p&gt;
&lt;h2&gt;Rezervace místenky&lt;span class=&#34;absolute -mt-20&#34; id=&#34;rezervace-místenky-1&#34;&gt;&lt;/span&gt;
    &lt;a href=&#34;#rezervace-m%c3%adstenky-1&#34; class=&#34;subheading-anchor&#34; aria-label=&#34;Permalink for this section&#34;&gt;&lt;/a&gt;&lt;/h2&gt;&lt;p&gt;Řekněme, že potřebujeme jednu místenku, zavoláme tedy &lt;code&gt;/v1/Reservation/ExtMakeReservations&lt;/code&gt;
s parametry:&lt;/p&gt;
&lt;div class=&#34;code-block relative mt-6 first:mt-0 group/code&#34;&gt;&lt;div&gt;&lt;div class=&#34;highlight&#34;&gt;&lt;pre tabindex=&#34;0&#34; class=&#34;chroma&#34;&gt;&lt;code class=&#34;language-json&#34; data-lang=&#34;json&#34;&gt;&lt;span class=&#34;line&#34;&gt;&lt;span class=&#34;cl&#34;&gt;&lt;span class=&#34;p&#34;&gt;{&lt;/span&gt;
&lt;/span&gt;&lt;/span&gt;&lt;span class=&#34;line&#34;&gt;&lt;span class=&#34;cl&#34;&gt;  &lt;span class=&#34;nt&#34;&gt;&amp;#34;lineNumber&amp;#34;&lt;/span&gt;&lt;span class=&#34;p&#34;&gt;:&lt;/span&gt; &lt;span class=&#34;s2&#34;&gt;&amp;#34;1322&amp;#34;&lt;/span&gt;&lt;span class=&#34;p&#34;&gt;,&lt;/span&gt;
&lt;/span&gt;&lt;/span&gt;&lt;span class=&#34;line&#34;&gt;&lt;span class=&#34;cl&#34;&gt;  &lt;span class=&#34;nt&#34;&gt;&amp;#34;date&amp;#34;&lt;/span&gt;&lt;span class=&#34;p&#34;&gt;:&lt;/span&gt; &lt;span class=&#34;s2&#34;&gt;&amp;#34;2023-12-05T00:00:00.000Z&amp;#34;&lt;/span&gt;&lt;span class=&#34;p&#34;&gt;,&lt;/span&gt;
&lt;/span&gt;&lt;/span&gt;&lt;span class=&#34;line&#34;&gt;&lt;span class=&#34;cl&#34;&gt;  &lt;span class=&#34;nt&#34;&gt;&amp;#34;traceStationFromId&amp;#34;&lt;/span&gt;&lt;span class=&#34;p&#34;&gt;:&lt;/span&gt; &lt;span class=&#34;mi&#34;&gt;1453&lt;/span&gt;&lt;span class=&#34;p&#34;&gt;,&lt;/span&gt;
&lt;/span&gt;&lt;/span&gt;&lt;span class=&#34;line&#34;&gt;&lt;span class=&#34;cl&#34;&gt;  &lt;span class=&#34;nt&#34;&gt;&amp;#34;traceStationToId&amp;#34;&lt;/span&gt;&lt;span class=&#34;p&#34;&gt;:&lt;/span&gt; &lt;span class=&#34;mi&#34;&gt;2187&lt;/span&gt;&lt;span class=&#34;p&#34;&gt;,&lt;/span&gt;
&lt;/span&gt;&lt;/span&gt;&lt;span class=&#34;line&#34;&gt;&lt;span class=&#34;cl&#34;&gt;  &lt;span class=&#34;nt&#34;&gt;&amp;#34;count&amp;#34;&lt;/span&gt;&lt;span class=&#34;p&#34;&gt;:&lt;/span&gt; &lt;span class=&#34;mi&#34;&gt;1&lt;/span&gt;
&lt;/span&gt;&lt;/span&gt;&lt;span class=&#34;line&#34;&gt;&lt;span class=&#34;cl&#34;&gt;&lt;span class=&#34;p&#34;&gt;}&lt;/span&gt;&lt;/span&gt;&lt;/span&gt;&lt;/code&gt;&lt;/pre&gt;&lt;/div&gt;&lt;/div&gt;&lt;div class=&#34;opacity-0 transition group-hover/code:opacity-100 flex gap-1 absolute m-[11px] right-0 top-0&#34;&gt;
    &lt;button
      class=&#34;code-copy-btn group/copybtn transition-all active:opacity-50 bg-primary-700/5 border border-black/5 text-gray-600 hover:text-gray-900 rounded-md p-1.5 dark:bg-primary-300/10 dark:border-white/10 dark:text-gray-400 dark:hover:text-gray-50&#34;
      title=&#34;Zkopírovat kód&#34;
    &gt;
      &lt;div class=&#34;group-[.copied]/copybtn:hidden copy-icon pointer-events-none h-4 w-4&#34;&gt;&lt;/div&gt;
      &lt;div class=&#34;hidden group-[.copied]/copybtn:block success-icon pointer-events-none h-4 w-4&#34;&gt;&lt;/div&gt;
    &lt;/button&gt;
  &lt;/div&gt;
&lt;/div&gt;
&lt;p&gt;a dostaneme odpověď (vrací se pole pro případ, že bychom zadali víc než jednu místenku):&lt;/p&gt;
&lt;div class=&#34;code-block relative mt-6 first:mt-0 group/code&#34;&gt;&lt;div&gt;&lt;div class=&#34;highlight&#34;&gt;&lt;pre tabindex=&#34;0&#34; class=&#34;chroma&#34;&gt;&lt;code class=&#34;language-json&#34; data-lang=&#34;json&#34;&gt;&lt;span class=&#34;line&#34;&gt;&lt;span class=&#34;cl&#34;&gt;&lt;span class=&#34;p&#34;&gt;[&lt;/span&gt;  
&lt;/span&gt;&lt;/span&gt;&lt;span class=&#34;line&#34;&gt;&lt;span class=&#34;cl&#34;&gt;  &lt;span class=&#34;p&#34;&gt;{&lt;/span&gt;
&lt;/span&gt;&lt;/span&gt;&lt;span class=&#34;line&#34;&gt;&lt;span class=&#34;cl&#34;&gt;    &lt;span class=&#34;nt&#34;&gt;&amp;#34;seat&amp;#34;&lt;/span&gt;&lt;span class=&#34;p&#34;&gt;:&lt;/span&gt; &lt;span class=&#34;p&#34;&gt;{&lt;/span&gt;
&lt;/span&gt;&lt;/span&gt;&lt;span class=&#34;line&#34;&gt;&lt;span class=&#34;cl&#34;&gt;      &lt;span class=&#34;nt&#34;&gt;&amp;#34;isAvailable&amp;#34;&lt;/span&gt;&lt;span class=&#34;p&#34;&gt;:&lt;/span&gt; &lt;span class=&#34;kc&#34;&gt;false&lt;/span&gt;&lt;span class=&#34;p&#34;&gt;,&lt;/span&gt;
&lt;/span&gt;&lt;/span&gt;&lt;span class=&#34;line&#34;&gt;&lt;span class=&#34;cl&#34;&gt;      &lt;span class=&#34;nt&#34;&gt;&amp;#34;seatAttributes&amp;#34;&lt;/span&gt;&lt;span class=&#34;p&#34;&gt;:&lt;/span&gt; &lt;span class=&#34;p&#34;&gt;[&lt;/span&gt;
&lt;/span&gt;&lt;/span&gt;&lt;span class=&#34;line&#34;&gt;&lt;span class=&#34;cl&#34;&gt;        &lt;span class=&#34;s2&#34;&gt;&amp;#34;Window&amp;#34;&lt;/span&gt;&lt;span class=&#34;p&#34;&gt;,&lt;/span&gt;
&lt;/span&gt;&lt;/span&gt;&lt;span class=&#34;line&#34;&gt;&lt;span class=&#34;cl&#34;&gt;        &lt;span class=&#34;s2&#34;&gt;&amp;#34;V230&amp;#34;&lt;/span&gt;&lt;span class=&#34;p&#34;&gt;,&lt;/span&gt;
&lt;/span&gt;&lt;/span&gt;&lt;span class=&#34;line&#34;&gt;&lt;span class=&#34;cl&#34;&gt;        &lt;span class=&#34;s2&#34;&gt;&amp;#34;Silent&amp;#34;&lt;/span&gt;
&lt;/span&gt;&lt;/span&gt;&lt;span class=&#34;line&#34;&gt;&lt;span class=&#34;cl&#34;&gt;      &lt;span class=&#34;p&#34;&gt;],&lt;/span&gt;
&lt;/span&gt;&lt;/span&gt;&lt;span class=&#34;line&#34;&gt;&lt;span class=&#34;cl&#34;&gt;      &lt;span class=&#34;nt&#34;&gt;&amp;#34;isEnabled&amp;#34;&lt;/span&gt;&lt;span class=&#34;p&#34;&gt;:&lt;/span&gt; &lt;span class=&#34;kc&#34;&gt;false&lt;/span&gt;&lt;span class=&#34;p&#34;&gt;,&lt;/span&gt;
&lt;/span&gt;&lt;/span&gt;&lt;span class=&#34;line&#34;&gt;&lt;span class=&#34;cl&#34;&gt;      &lt;span class=&#34;nt&#34;&gt;&amp;#34;description&amp;#34;&lt;/span&gt;&lt;span class=&#34;p&#34;&gt;:&lt;/span&gt; &lt;span class=&#34;s2&#34;&gt;&amp;#34;11&amp;#34;&lt;/span&gt;&lt;span class=&#34;p&#34;&gt;,&lt;/span&gt;
&lt;/span&gt;&lt;/span&gt;&lt;span class=&#34;line&#34;&gt;&lt;span class=&#34;cl&#34;&gt;      &lt;span class=&#34;nt&#34;&gt;&amp;#34;orientation&amp;#34;&lt;/span&gt;&lt;span class=&#34;p&#34;&gt;:&lt;/span&gt; &lt;span class=&#34;s2&#34;&gt;&amp;#34;Backward&amp;#34;&lt;/span&gt;&lt;span class=&#34;p&#34;&gt;,&lt;/span&gt;
&lt;/span&gt;&lt;/span&gt;&lt;span class=&#34;line&#34;&gt;&lt;span class=&#34;cl&#34;&gt;      &lt;span class=&#34;nt&#34;&gt;&amp;#34;coordX&amp;#34;&lt;/span&gt;&lt;span class=&#34;p&#34;&gt;:&lt;/span&gt; &lt;span class=&#34;mi&#34;&gt;0&lt;/span&gt;&lt;span class=&#34;p&#34;&gt;,&lt;/span&gt;
&lt;/span&gt;&lt;/span&gt;&lt;span class=&#34;line&#34;&gt;&lt;span class=&#34;cl&#34;&gt;      &lt;span class=&#34;nt&#34;&gt;&amp;#34;coordY&amp;#34;&lt;/span&gt;&lt;span class=&#34;p&#34;&gt;:&lt;/span&gt; &lt;span class=&#34;mi&#34;&gt;4&lt;/span&gt;&lt;span class=&#34;p&#34;&gt;,&lt;/span&gt;
&lt;/span&gt;&lt;/span&gt;&lt;span class=&#34;line&#34;&gt;&lt;span class=&#34;cl&#34;&gt;      &lt;span class=&#34;nt&#34;&gt;&amp;#34;floor&amp;#34;&lt;/span&gt;&lt;span class=&#34;p&#34;&gt;:&lt;/span&gt; &lt;span class=&#34;mi&#34;&gt;1&lt;/span&gt;&lt;span class=&#34;p&#34;&gt;,&lt;/span&gt;
&lt;/span&gt;&lt;/span&gt;&lt;span class=&#34;line&#34;&gt;&lt;span class=&#34;cl&#34;&gt;      &lt;span class=&#34;nt&#34;&gt;&amp;#34;vehicle&amp;#34;&lt;/span&gt;&lt;span class=&#34;p&#34;&gt;:&lt;/span&gt; &lt;span class=&#34;p&#34;&gt;{&lt;/span&gt;
&lt;/span&gt;&lt;/span&gt;&lt;span class=&#34;line&#34;&gt;&lt;span class=&#34;cl&#34;&gt;        &lt;span class=&#34;nt&#34;&gt;&amp;#34;model&amp;#34;&lt;/span&gt;&lt;span class=&#34;p&#34;&gt;:&lt;/span&gt; &lt;span class=&#34;s2&#34;&gt;&amp;#34;845.P&amp;#34;&lt;/span&gt;&lt;span class=&#34;p&#34;&gt;,&lt;/span&gt;
&lt;/span&gt;&lt;/span&gt;&lt;span class=&#34;line&#34;&gt;&lt;span class=&#34;cl&#34;&gt;        &lt;span class=&#34;nt&#34;&gt;&amp;#34;sequence&amp;#34;&lt;/span&gt;&lt;span class=&#34;p&#34;&gt;:&lt;/span&gt; &lt;span class=&#34;mi&#34;&gt;1&lt;/span&gt;&lt;span class=&#34;p&#34;&gt;,&lt;/span&gt;
&lt;/span&gt;&lt;/span&gt;&lt;span class=&#34;line&#34;&gt;&lt;span class=&#34;cl&#34;&gt;        &lt;span class=&#34;nt&#34;&gt;&amp;#34;description&amp;#34;&lt;/span&gt;&lt;span class=&#34;p&#34;&gt;:&lt;/span&gt; &lt;span class=&#34;s2&#34;&gt;&amp;#34;1&amp;#34;&lt;/span&gt;&lt;span class=&#34;p&#34;&gt;,&lt;/span&gt;
&lt;/span&gt;&lt;/span&gt;&lt;span class=&#34;line&#34;&gt;&lt;span class=&#34;cl&#34;&gt;        &lt;span class=&#34;nt&#34;&gt;&amp;#34;vehicleAttributes&amp;#34;&lt;/span&gt;&lt;span class=&#34;p&#34;&gt;:&lt;/span&gt; &lt;span class=&#34;p&#34;&gt;[&lt;/span&gt;
&lt;/span&gt;&lt;/span&gt;&lt;span class=&#34;line&#34;&gt;&lt;span class=&#34;cl&#34;&gt;          &lt;span class=&#34;s2&#34;&gt;&amp;#34;WiFi&amp;#34;&lt;/span&gt;&lt;span class=&#34;p&#34;&gt;,&lt;/span&gt;
&lt;/span&gt;&lt;/span&gt;&lt;span class=&#34;line&#34;&gt;&lt;span class=&#34;cl&#34;&gt;          &lt;span class=&#34;s2&#34;&gt;&amp;#34;Silent&amp;#34;&lt;/span&gt;&lt;span class=&#34;p&#34;&gt;,&lt;/span&gt;
&lt;/span&gt;&lt;/span&gt;&lt;span class=&#34;line&#34;&gt;&lt;span class=&#34;cl&#34;&gt;          &lt;span class=&#34;s2&#34;&gt;&amp;#34;V230&amp;#34;&lt;/span&gt;
&lt;/span&gt;&lt;/span&gt;&lt;span class=&#34;line&#34;&gt;&lt;span class=&#34;cl&#34;&gt;        &lt;span class=&#34;p&#34;&gt;],&lt;/span&gt;
&lt;/span&gt;&lt;/span&gt;&lt;span class=&#34;line&#34;&gt;&lt;span class=&#34;cl&#34;&gt;        &lt;span class=&#34;nt&#34;&gt;&amp;#34;seatMap&amp;#34;&lt;/span&gt;&lt;span class=&#34;p&#34;&gt;:&lt;/span&gt; &lt;span class=&#34;p&#34;&gt;[],&lt;/span&gt;
&lt;/span&gt;&lt;/span&gt;&lt;span class=&#34;line&#34;&gt;&lt;span class=&#34;cl&#34;&gt;        &lt;span class=&#34;nt&#34;&gt;&amp;#34;contingents&amp;#34;&lt;/span&gt;&lt;span class=&#34;p&#34;&gt;:&lt;/span&gt; &lt;span class=&#34;p&#34;&gt;[],&lt;/span&gt;
&lt;/span&gt;&lt;/span&gt;&lt;span class=&#34;line&#34;&gt;&lt;span class=&#34;cl&#34;&gt;        &lt;span class=&#34;nt&#34;&gt;&amp;#34;shiftingId&amp;#34;&lt;/span&gt;&lt;span class=&#34;p&#34;&gt;:&lt;/span&gt; &lt;span class=&#34;s2&#34;&gt;&amp;#34;29160129-c223-4022-b186-fba25b085377&amp;#34;&lt;/span&gt;
&lt;/span&gt;&lt;/span&gt;&lt;span class=&#34;line&#34;&gt;&lt;span class=&#34;cl&#34;&gt;      &lt;span class=&#34;p&#34;&gt;}&lt;/span&gt;
&lt;/span&gt;&lt;/span&gt;&lt;span class=&#34;line&#34;&gt;&lt;span class=&#34;cl&#34;&gt;    &lt;span class=&#34;p&#34;&gt;},&lt;/span&gt;
&lt;/span&gt;&lt;/span&gt;&lt;span class=&#34;line&#34;&gt;&lt;span class=&#34;cl&#34;&gt;    &lt;span class=&#34;nt&#34;&gt;&amp;#34;externalId&amp;#34;&lt;/span&gt;&lt;span class=&#34;p&#34;&gt;:&lt;/span&gt; &lt;span class=&#34;s2&#34;&gt;&amp;#34;193d04af-9dc8-4767-ad6f-9115886a85e6&amp;#34;&lt;/span&gt;&lt;span class=&#34;p&#34;&gt;,&lt;/span&gt;
&lt;/span&gt;&lt;/span&gt;&lt;span class=&#34;line&#34;&gt;&lt;span class=&#34;cl&#34;&gt;    &lt;span class=&#34;nt&#34;&gt;&amp;#34;traceFromId&amp;#34;&lt;/span&gt;&lt;span class=&#34;p&#34;&gt;:&lt;/span&gt; &lt;span class=&#34;mi&#34;&gt;1453&lt;/span&gt;&lt;span class=&#34;p&#34;&gt;,&lt;/span&gt;
&lt;/span&gt;&lt;/span&gt;&lt;span class=&#34;line&#34;&gt;&lt;span class=&#34;cl&#34;&gt;    &lt;span class=&#34;nt&#34;&gt;&amp;#34;traceFromName&amp;#34;&lt;/span&gt;&lt;span class=&#34;p&#34;&gt;:&lt;/span&gt; &lt;span class=&#34;s2&#34;&gt;&amp;#34;Liberec&amp;#34;&lt;/span&gt;&lt;span class=&#34;p&#34;&gt;,&lt;/span&gt;
&lt;/span&gt;&lt;/span&gt;&lt;span class=&#34;line&#34;&gt;&lt;span class=&#34;cl&#34;&gt;    &lt;span class=&#34;nt&#34;&gt;&amp;#34;traceToId&amp;#34;&lt;/span&gt;&lt;span class=&#34;p&#34;&gt;:&lt;/span&gt; &lt;span class=&#34;mi&#34;&gt;2187&lt;/span&gt;&lt;span class=&#34;p&#34;&gt;,&lt;/span&gt;
&lt;/span&gt;&lt;/span&gt;&lt;span class=&#34;line&#34;&gt;&lt;span class=&#34;cl&#34;&gt;    &lt;span class=&#34;nt&#34;&gt;&amp;#34;traceFromSequence&amp;#34;&lt;/span&gt;&lt;span class=&#34;p&#34;&gt;:&lt;/span&gt; &lt;span class=&#34;mi&#34;&gt;1&lt;/span&gt;&lt;span class=&#34;p&#34;&gt;,&lt;/span&gt;
&lt;/span&gt;&lt;/span&gt;&lt;span class=&#34;line&#34;&gt;&lt;span class=&#34;cl&#34;&gt;    &lt;span class=&#34;nt&#34;&gt;&amp;#34;traceToName&amp;#34;&lt;/span&gt;&lt;span class=&#34;p&#34;&gt;:&lt;/span&gt; &lt;span class=&#34;s2&#34;&gt;&amp;#34;Česká Lípa hl.n.&amp;#34;&lt;/span&gt;&lt;span class=&#34;p&#34;&gt;,&lt;/span&gt;
&lt;/span&gt;&lt;/span&gt;&lt;span class=&#34;line&#34;&gt;&lt;span class=&#34;cl&#34;&gt;    &lt;span class=&#34;nt&#34;&gt;&amp;#34;traceToSequence&amp;#34;&lt;/span&gt;&lt;span class=&#34;p&#34;&gt;:&lt;/span&gt; &lt;span class=&#34;mi&#34;&gt;4&lt;/span&gt;&lt;span class=&#34;p&#34;&gt;,&lt;/span&gt;
&lt;/span&gt;&lt;/span&gt;&lt;span class=&#34;line&#34;&gt;&lt;span class=&#34;cl&#34;&gt;    &lt;span class=&#34;nt&#34;&gt;&amp;#34;expiresAt&amp;#34;&lt;/span&gt;&lt;span class=&#34;p&#34;&gt;:&lt;/span&gt; &lt;span class=&#34;s2&#34;&gt;&amp;#34;2024-01-10T20:25:26.543058+01:00&amp;#34;&lt;/span&gt;&lt;span class=&#34;p&#34;&gt;,&lt;/span&gt;
&lt;/span&gt;&lt;/span&gt;&lt;span class=&#34;line&#34;&gt;&lt;span class=&#34;cl&#34;&gt;    &lt;span class=&#34;nt&#34;&gt;&amp;#34;date&amp;#34;&lt;/span&gt;&lt;span class=&#34;p&#34;&gt;:&lt;/span&gt; &lt;span class=&#34;s2&#34;&gt;&amp;#34;2023-12-05T00:00:00&amp;#34;&lt;/span&gt;&lt;span class=&#34;p&#34;&gt;,&lt;/span&gt;
&lt;/span&gt;&lt;/span&gt;&lt;span class=&#34;line&#34;&gt;&lt;span class=&#34;cl&#34;&gt;    &lt;span class=&#34;nt&#34;&gt;&amp;#34;lineNumber&amp;#34;&lt;/span&gt;&lt;span class=&#34;p&#34;&gt;:&lt;/span&gt; &lt;span class=&#34;s2&#34;&gt;&amp;#34;R1322&amp;#34;&lt;/span&gt;&lt;span class=&#34;p&#34;&gt;,&lt;/span&gt;
&lt;/span&gt;&lt;/span&gt;&lt;span class=&#34;line&#34;&gt;&lt;span class=&#34;cl&#34;&gt;    &lt;span class=&#34;nt&#34;&gt;&amp;#34;routeName&amp;#34;&lt;/span&gt;&lt;span class=&#34;p&#34;&gt;:&lt;/span&gt; &lt;span class=&#34;s2&#34;&gt;&amp;#34;R14B&amp;#34;&lt;/span&gt;&lt;span class=&#34;p&#34;&gt;,&lt;/span&gt;
&lt;/span&gt;&lt;/span&gt;&lt;span class=&#34;line&#34;&gt;&lt;span class=&#34;cl&#34;&gt;    &lt;span class=&#34;nt&#34;&gt;&amp;#34;reservationStatus&amp;#34;&lt;/span&gt;&lt;span class=&#34;p&#34;&gt;:&lt;/span&gt; &lt;span class=&#34;s2&#34;&gt;&amp;#34;Temporary&amp;#34;&lt;/span&gt;&lt;span class=&#34;p&#34;&gt;,&lt;/span&gt;
&lt;/span&gt;&lt;/span&gt;&lt;span class=&#34;line&#34;&gt;&lt;span class=&#34;cl&#34;&gt;    &lt;span class=&#34;nt&#34;&gt;&amp;#34;vehicleOrder&amp;#34;&lt;/span&gt;&lt;span class=&#34;p&#34;&gt;:&lt;/span&gt; &lt;span class=&#34;mi&#34;&gt;1&lt;/span&gt;&lt;span class=&#34;p&#34;&gt;,&lt;/span&gt;
&lt;/span&gt;&lt;/span&gt;&lt;span class=&#34;line&#34;&gt;&lt;span class=&#34;cl&#34;&gt;    &lt;span class=&#34;nt&#34;&gt;&amp;#34;reservationType&amp;#34;&lt;/span&gt;&lt;span class=&#34;p&#34;&gt;:&lt;/span&gt; &lt;span class=&#34;s2&#34;&gt;&amp;#34;Reservation&amp;#34;&lt;/span&gt;
&lt;/span&gt;&lt;/span&gt;&lt;span class=&#34;line&#34;&gt;&lt;span class=&#34;cl&#34;&gt;  &lt;span class=&#34;p&#34;&gt;}&lt;/span&gt;
&lt;/span&gt;&lt;/span&gt;&lt;span class=&#34;line&#34;&gt;&lt;span class=&#34;cl&#34;&gt;&lt;span class=&#34;p&#34;&gt;]&lt;/span&gt;&lt;/span&gt;&lt;/span&gt;&lt;/code&gt;&lt;/pre&gt;&lt;/div&gt;&lt;/div&gt;&lt;div class=&#34;opacity-0 transition group-hover/code:opacity-100 flex gap-1 absolute m-[11px] right-0 top-0&#34;&gt;
    &lt;button
      class=&#34;code-copy-btn group/copybtn transition-all active:opacity-50 bg-primary-700/5 border border-black/5 text-gray-600 hover:text-gray-900 rounded-md p-1.5 dark:bg-primary-300/10 dark:border-white/10 dark:text-gray-400 dark:hover:text-gray-50&#34;
      title=&#34;Zkopírovat kód&#34;
    &gt;
      &lt;div class=&#34;group-[.copied]/copybtn:hidden copy-icon pointer-events-none h-4 w-4&#34;&gt;&lt;/div&gt;
      &lt;div class=&#34;hidden group-[.copied]/copybtn:block success-icon pointer-events-none h-4 w-4&#34;&gt;&lt;/div&gt;
    &lt;/button&gt;
  &lt;/div&gt;
&lt;/div&gt;
&lt;h4&gt;Popis nejdůležitějších hodnot:&lt;span class=&#34;absolute -mt-20&#34; id=&#34;popis-nejdůležitějších-hodnot&#34;&gt;&lt;/span&gt;
    &lt;a href=&#34;#popis-nejd%c5%afle%c5%beit%c4%9bj%c5%a1%c3%adch-hodnot&#34; class=&#34;subheading-anchor&#34; aria-label=&#34;Permalink for this section&#34;&gt;&lt;/a&gt;&lt;/h4&gt;&lt;p&gt;&lt;strong&gt;seat&lt;/strong&gt; popisuje vybrané sedadlo, a to jeho pozici ve voze (coordX, coordY), jeho vlastnosti (seatAttributes),&lt;/p&gt;
&lt;p&gt;&lt;strong&gt;vehicle&lt;/strong&gt; informace o vozu. Model je typ vpzu. důležité parametry jsou &lt;em&gt;sequence&lt;/em&gt; (na jaké pozici je vůz řazen) a &lt;em&gt;description&lt;/em&gt;, to je označení vozu pro cestující. Pokud se změní řazení vozu v soupravě, např. mezi dva vozy se zařadí další, změní se hodnota &lt;em&gt;sequence&lt;/em&gt;, ale nesmí se změnit &lt;em&gt;description&lt;/em&gt;, protože pak by cestující ztratili orientační bod.&lt;/p&gt;
&lt;p&gt;&lt;strong&gt;shiftingId&lt;/strong&gt; je identifikátor řazení vozu. Jak funguje řazení? V systému máme omezený počet vozů, je to vlastně šablona, popisující jak vůz vypadá, kde má které sedadlo apod. Pokud ho chci zařadit do soupravy, vytvořím záznam o řazení (&lt;em&gt;shifting&lt;/em&gt;), který propojuje šablonu vozu s konkrétní jízdou (&lt;em&gt;lineInstance&lt;/em&gt;) a pozicí v soupravě (&lt;em&gt;sequence&lt;/em&gt;).&lt;/p&gt;
&lt;p&gt;&lt;strong&gt;externalId&lt;/strong&gt; je hodnota, pomocí které je místenka identifikována pro budoucí operace.
Následují informace o trase (traceFromId, traceFromName&amp;hellip;), &lt;strong&gt;date&lt;/strong&gt; určuje den jízdy a &lt;strong&gt;lineNumber&lt;/strong&gt; číslo linky.&lt;/p&gt;
&lt;p&gt;&lt;strong&gt;reservationStatus&lt;/strong&gt; Temporary určuje, že se jedná o dočasnou rezervaci, která má nastavenou automatickou expiraci (&lt;strong&gt;expiresAt&lt;/strong&gt;). Po tomto čase přestane místenka existovat, pokud není potvrzena.&lt;/p&gt;
&lt;h2&gt;Potvrzení rezervace&lt;span class=&#34;absolute -mt-20&#34; id=&#34;potvrzení-rezervace&#34;&gt;&lt;/span&gt;
    &lt;a href=&#34;#potvrzen%c3%ad-rezervace&#34; class=&#34;subheading-anchor&#34; aria-label=&#34;Permalink for this section&#34;&gt;&lt;/a&gt;&lt;/h2&gt;&lt;p&gt;K tomu je třeba zavolat &lt;code&gt;/v1/Reservation/ExtConfirmReservations&lt;/code&gt; s parametrem:&lt;/p&gt;
&lt;div class=&#34;code-block relative mt-6 first:mt-0 group/code&#34;&gt;&lt;div&gt;&lt;div class=&#34;highlight&#34;&gt;&lt;pre tabindex=&#34;0&#34; class=&#34;chroma&#34;&gt;&lt;code class=&#34;language-json&#34; data-lang=&#34;json&#34;&gt;&lt;span class=&#34;line&#34;&gt;&lt;span class=&#34;cl&#34;&gt;&lt;span class=&#34;p&#34;&gt;{&lt;/span&gt;
&lt;/span&gt;&lt;/span&gt;&lt;span class=&#34;line&#34;&gt;&lt;span class=&#34;cl&#34;&gt;  &lt;span class=&#34;nt&#34;&gt;&amp;#34;externalReservationsIds&amp;#34;&lt;/span&gt;&lt;span class=&#34;p&#34;&gt;:&lt;/span&gt; &lt;span class=&#34;p&#34;&gt;[&lt;/span&gt;
&lt;/span&gt;&lt;/span&gt;&lt;span class=&#34;line&#34;&gt;&lt;span class=&#34;cl&#34;&gt;    &lt;span class=&#34;s2&#34;&gt;&amp;#34;193d04af-9dc8-4767-ad6f-9115886a85e6&amp;#34;&lt;/span&gt;
&lt;/span&gt;&lt;/span&gt;&lt;span class=&#34;line&#34;&gt;&lt;span class=&#34;cl&#34;&gt;  &lt;span class=&#34;p&#34;&gt;]&lt;/span&gt;
&lt;/span&gt;&lt;/span&gt;&lt;span class=&#34;line&#34;&gt;&lt;span class=&#34;cl&#34;&gt;&lt;span class=&#34;p&#34;&gt;}&lt;/span&gt;&lt;/span&gt;&lt;/span&gt;&lt;/code&gt;&lt;/pre&gt;&lt;/div&gt;&lt;/div&gt;&lt;div class=&#34;opacity-0 transition group-hover/code:opacity-100 flex gap-1 absolute m-[11px] right-0 top-0&#34;&gt;
    &lt;button
      class=&#34;code-copy-btn group/copybtn transition-all active:opacity-50 bg-primary-700/5 border border-black/5 text-gray-600 hover:text-gray-900 rounded-md p-1.5 dark:bg-primary-300/10 dark:border-white/10 dark:text-gray-400 dark:hover:text-gray-50&#34;
      title=&#34;Zkopírovat kód&#34;
    &gt;
      &lt;div class=&#34;group-[.copied]/copybtn:hidden copy-icon pointer-events-none h-4 w-4&#34;&gt;&lt;/div&gt;
      &lt;div class=&#34;hidden group-[.copied]/copybtn:block success-icon pointer-events-none h-4 w-4&#34;&gt;&lt;/div&gt;
    &lt;/button&gt;
  &lt;/div&gt;
&lt;/div&gt;
&lt;p&gt;Vrátí se opět informace o místence:&lt;/p&gt;
&lt;div class=&#34;code-block relative mt-6 first:mt-0 group/code&#34;&gt;&lt;div&gt;&lt;div class=&#34;highlight&#34;&gt;&lt;pre tabindex=&#34;0&#34; class=&#34;chroma&#34;&gt;&lt;code class=&#34;language-json&#34; data-lang=&#34;json&#34;&gt;&lt;span class=&#34;line&#34;&gt;&lt;span class=&#34;cl&#34;&gt;&lt;span class=&#34;p&#34;&gt;[&lt;/span&gt;
&lt;/span&gt;&lt;/span&gt;&lt;span class=&#34;line&#34;&gt;&lt;span class=&#34;cl&#34;&gt;  &lt;span class=&#34;p&#34;&gt;{&lt;/span&gt;
&lt;/span&gt;&lt;/span&gt;&lt;span class=&#34;line&#34;&gt;&lt;span class=&#34;cl&#34;&gt;    &lt;span class=&#34;nt&#34;&gt;&amp;#34;seat&amp;#34;&lt;/span&gt;&lt;span class=&#34;p&#34;&gt;:&lt;/span&gt; &lt;span class=&#34;p&#34;&gt;{&lt;/span&gt;
&lt;/span&gt;&lt;/span&gt;&lt;span class=&#34;line&#34;&gt;&lt;span class=&#34;cl&#34;&gt;      &lt;span class=&#34;nt&#34;&gt;&amp;#34;isAvailable&amp;#34;&lt;/span&gt;&lt;span class=&#34;p&#34;&gt;:&lt;/span&gt; &lt;span class=&#34;kc&#34;&gt;false&lt;/span&gt;&lt;span class=&#34;p&#34;&gt;,&lt;/span&gt;
&lt;/span&gt;&lt;/span&gt;&lt;span class=&#34;line&#34;&gt;&lt;span class=&#34;cl&#34;&gt;      &lt;span class=&#34;nt&#34;&gt;&amp;#34;seatAttributes&amp;#34;&lt;/span&gt;&lt;span class=&#34;p&#34;&gt;:&lt;/span&gt; &lt;span class=&#34;p&#34;&gt;[&lt;/span&gt;
&lt;/span&gt;&lt;/span&gt;&lt;span class=&#34;line&#34;&gt;&lt;span class=&#34;cl&#34;&gt;        &lt;span class=&#34;s2&#34;&gt;&amp;#34;Window&amp;#34;&lt;/span&gt;&lt;span class=&#34;p&#34;&gt;,&lt;/span&gt;
&lt;/span&gt;&lt;/span&gt;&lt;span class=&#34;line&#34;&gt;&lt;span class=&#34;cl&#34;&gt;        &lt;span class=&#34;s2&#34;&gt;&amp;#34;V230&amp;#34;&lt;/span&gt;&lt;span class=&#34;p&#34;&gt;,&lt;/span&gt;
&lt;/span&gt;&lt;/span&gt;&lt;span class=&#34;line&#34;&gt;&lt;span class=&#34;cl&#34;&gt;        &lt;span class=&#34;s2&#34;&gt;&amp;#34;Silent&amp;#34;&lt;/span&gt;
&lt;/span&gt;&lt;/span&gt;&lt;span class=&#34;line&#34;&gt;&lt;span class=&#34;cl&#34;&gt;      &lt;span class=&#34;p&#34;&gt;],&lt;/span&gt;
&lt;/span&gt;&lt;/span&gt;&lt;span class=&#34;line&#34;&gt;&lt;span class=&#34;cl&#34;&gt;      &lt;span class=&#34;nt&#34;&gt;&amp;#34;isEnabled&amp;#34;&lt;/span&gt;&lt;span class=&#34;p&#34;&gt;:&lt;/span&gt; &lt;span class=&#34;kc&#34;&gt;false&lt;/span&gt;&lt;span class=&#34;p&#34;&gt;,&lt;/span&gt;
&lt;/span&gt;&lt;/span&gt;&lt;span class=&#34;line&#34;&gt;&lt;span class=&#34;cl&#34;&gt;      &lt;span class=&#34;nt&#34;&gt;&amp;#34;description&amp;#34;&lt;/span&gt;&lt;span class=&#34;p&#34;&gt;:&lt;/span&gt; &lt;span class=&#34;s2&#34;&gt;&amp;#34;11&amp;#34;&lt;/span&gt;&lt;span class=&#34;p&#34;&gt;,&lt;/span&gt;
&lt;/span&gt;&lt;/span&gt;&lt;span class=&#34;line&#34;&gt;&lt;span class=&#34;cl&#34;&gt;      &lt;span class=&#34;nt&#34;&gt;&amp;#34;orientation&amp;#34;&lt;/span&gt;&lt;span class=&#34;p&#34;&gt;:&lt;/span&gt; &lt;span class=&#34;s2&#34;&gt;&amp;#34;Backward&amp;#34;&lt;/span&gt;&lt;span class=&#34;p&#34;&gt;,&lt;/span&gt;
&lt;/span&gt;&lt;/span&gt;&lt;span class=&#34;line&#34;&gt;&lt;span class=&#34;cl&#34;&gt;      &lt;span class=&#34;nt&#34;&gt;&amp;#34;coordX&amp;#34;&lt;/span&gt;&lt;span class=&#34;p&#34;&gt;:&lt;/span&gt; &lt;span class=&#34;mi&#34;&gt;0&lt;/span&gt;&lt;span class=&#34;p&#34;&gt;,&lt;/span&gt;
&lt;/span&gt;&lt;/span&gt;&lt;span class=&#34;line&#34;&gt;&lt;span class=&#34;cl&#34;&gt;      &lt;span class=&#34;nt&#34;&gt;&amp;#34;coordY&amp;#34;&lt;/span&gt;&lt;span class=&#34;p&#34;&gt;:&lt;/span&gt; &lt;span class=&#34;mi&#34;&gt;4&lt;/span&gt;&lt;span class=&#34;p&#34;&gt;,&lt;/span&gt;
&lt;/span&gt;&lt;/span&gt;&lt;span class=&#34;line&#34;&gt;&lt;span class=&#34;cl&#34;&gt;      &lt;span class=&#34;nt&#34;&gt;&amp;#34;floor&amp;#34;&lt;/span&gt;&lt;span class=&#34;p&#34;&gt;:&lt;/span&gt; &lt;span class=&#34;mi&#34;&gt;1&lt;/span&gt;&lt;span class=&#34;p&#34;&gt;,&lt;/span&gt;
&lt;/span&gt;&lt;/span&gt;&lt;span class=&#34;line&#34;&gt;&lt;span class=&#34;cl&#34;&gt;      &lt;span class=&#34;nt&#34;&gt;&amp;#34;vehicle&amp;#34;&lt;/span&gt;&lt;span class=&#34;p&#34;&gt;:&lt;/span&gt; &lt;span class=&#34;p&#34;&gt;{&lt;/span&gt;
&lt;/span&gt;&lt;/span&gt;&lt;span class=&#34;line&#34;&gt;&lt;span class=&#34;cl&#34;&gt;        &lt;span class=&#34;nt&#34;&gt;&amp;#34;model&amp;#34;&lt;/span&gt;&lt;span class=&#34;p&#34;&gt;:&lt;/span&gt; &lt;span class=&#34;s2&#34;&gt;&amp;#34;845.P&amp;#34;&lt;/span&gt;&lt;span class=&#34;p&#34;&gt;,&lt;/span&gt;
&lt;/span&gt;&lt;/span&gt;&lt;span class=&#34;line&#34;&gt;&lt;span class=&#34;cl&#34;&gt;        &lt;span class=&#34;nt&#34;&gt;&amp;#34;sequence&amp;#34;&lt;/span&gt;&lt;span class=&#34;p&#34;&gt;:&lt;/span&gt; &lt;span class=&#34;mi&#34;&gt;1&lt;/span&gt;&lt;span class=&#34;p&#34;&gt;,&lt;/span&gt;
&lt;/span&gt;&lt;/span&gt;&lt;span class=&#34;line&#34;&gt;&lt;span class=&#34;cl&#34;&gt;        &lt;span class=&#34;nt&#34;&gt;&amp;#34;description&amp;#34;&lt;/span&gt;&lt;span class=&#34;p&#34;&gt;:&lt;/span&gt; &lt;span class=&#34;s2&#34;&gt;&amp;#34;1&amp;#34;&lt;/span&gt;&lt;span class=&#34;p&#34;&gt;,&lt;/span&gt;
&lt;/span&gt;&lt;/span&gt;&lt;span class=&#34;line&#34;&gt;&lt;span class=&#34;cl&#34;&gt;        &lt;span class=&#34;nt&#34;&gt;&amp;#34;vehicleAttributes&amp;#34;&lt;/span&gt;&lt;span class=&#34;p&#34;&gt;:&lt;/span&gt; &lt;span class=&#34;p&#34;&gt;[],&lt;/span&gt;
&lt;/span&gt;&lt;/span&gt;&lt;span class=&#34;line&#34;&gt;&lt;span class=&#34;cl&#34;&gt;        &lt;span class=&#34;nt&#34;&gt;&amp;#34;seatMap&amp;#34;&lt;/span&gt;&lt;span class=&#34;p&#34;&gt;:&lt;/span&gt; &lt;span class=&#34;p&#34;&gt;[],&lt;/span&gt;
&lt;/span&gt;&lt;/span&gt;&lt;span class=&#34;line&#34;&gt;&lt;span class=&#34;cl&#34;&gt;        &lt;span class=&#34;nt&#34;&gt;&amp;#34;contingents&amp;#34;&lt;/span&gt;&lt;span class=&#34;p&#34;&gt;:&lt;/span&gt; &lt;span class=&#34;p&#34;&gt;[],&lt;/span&gt;
&lt;/span&gt;&lt;/span&gt;&lt;span class=&#34;line&#34;&gt;&lt;span class=&#34;cl&#34;&gt;        &lt;span class=&#34;nt&#34;&gt;&amp;#34;shiftingId&amp;#34;&lt;/span&gt;&lt;span class=&#34;p&#34;&gt;:&lt;/span&gt; &lt;span class=&#34;s2&#34;&gt;&amp;#34;29160129-c223-4022-b186-fba25b085377&amp;#34;&lt;/span&gt;
&lt;/span&gt;&lt;/span&gt;&lt;span class=&#34;line&#34;&gt;&lt;span class=&#34;cl&#34;&gt;      &lt;span class=&#34;p&#34;&gt;}&lt;/span&gt;
&lt;/span&gt;&lt;/span&gt;&lt;span class=&#34;line&#34;&gt;&lt;span class=&#34;cl&#34;&gt;    &lt;span class=&#34;p&#34;&gt;},&lt;/span&gt;
&lt;/span&gt;&lt;/span&gt;&lt;span class=&#34;line&#34;&gt;&lt;span class=&#34;cl&#34;&gt;    &lt;span class=&#34;nt&#34;&gt;&amp;#34;externalId&amp;#34;&lt;/span&gt;&lt;span class=&#34;p&#34;&gt;:&lt;/span&gt; &lt;span class=&#34;s2&#34;&gt;&amp;#34;193d04af-9dc8-4767-ad6f-9115886a85e6&amp;#34;&lt;/span&gt;&lt;span class=&#34;p&#34;&gt;,&lt;/span&gt;
&lt;/span&gt;&lt;/span&gt;&lt;span class=&#34;line&#34;&gt;&lt;span class=&#34;cl&#34;&gt;    &lt;span class=&#34;nt&#34;&gt;&amp;#34;traceFromId&amp;#34;&lt;/span&gt;&lt;span class=&#34;p&#34;&gt;:&lt;/span&gt; &lt;span class=&#34;mi&#34;&gt;1453&lt;/span&gt;&lt;span class=&#34;p&#34;&gt;,&lt;/span&gt;
&lt;/span&gt;&lt;/span&gt;&lt;span class=&#34;line&#34;&gt;&lt;span class=&#34;cl&#34;&gt;    &lt;span class=&#34;nt&#34;&gt;&amp;#34;traceFromName&amp;#34;&lt;/span&gt;&lt;span class=&#34;p&#34;&gt;:&lt;/span&gt; &lt;span class=&#34;s2&#34;&gt;&amp;#34;Liberec&amp;#34;&lt;/span&gt;&lt;span class=&#34;p&#34;&gt;,&lt;/span&gt;
&lt;/span&gt;&lt;/span&gt;&lt;span class=&#34;line&#34;&gt;&lt;span class=&#34;cl&#34;&gt;    &lt;span class=&#34;nt&#34;&gt;&amp;#34;traceToId&amp;#34;&lt;/span&gt;&lt;span class=&#34;p&#34;&gt;:&lt;/span&gt; &lt;span class=&#34;mi&#34;&gt;2187&lt;/span&gt;&lt;span class=&#34;p&#34;&gt;,&lt;/span&gt;
&lt;/span&gt;&lt;/span&gt;&lt;span class=&#34;line&#34;&gt;&lt;span class=&#34;cl&#34;&gt;    &lt;span class=&#34;nt&#34;&gt;&amp;#34;traceFromSequence&amp;#34;&lt;/span&gt;&lt;span class=&#34;p&#34;&gt;:&lt;/span&gt; &lt;span class=&#34;mi&#34;&gt;1&lt;/span&gt;&lt;span class=&#34;p&#34;&gt;,&lt;/span&gt;
&lt;/span&gt;&lt;/span&gt;&lt;span class=&#34;line&#34;&gt;&lt;span class=&#34;cl&#34;&gt;    &lt;span class=&#34;nt&#34;&gt;&amp;#34;traceToName&amp;#34;&lt;/span&gt;&lt;span class=&#34;p&#34;&gt;:&lt;/span&gt; &lt;span class=&#34;s2&#34;&gt;&amp;#34;Česká Lípa hl.n.&amp;#34;&lt;/span&gt;&lt;span class=&#34;p&#34;&gt;,&lt;/span&gt;
&lt;/span&gt;&lt;/span&gt;&lt;span class=&#34;line&#34;&gt;&lt;span class=&#34;cl&#34;&gt;    &lt;span class=&#34;nt&#34;&gt;&amp;#34;traceToSequence&amp;#34;&lt;/span&gt;&lt;span class=&#34;p&#34;&gt;:&lt;/span&gt; &lt;span class=&#34;mi&#34;&gt;4&lt;/span&gt;&lt;span class=&#34;p&#34;&gt;,&lt;/span&gt;
&lt;/span&gt;&lt;/span&gt;&lt;span class=&#34;line&#34;&gt;&lt;span class=&#34;cl&#34;&gt;    &lt;span class=&#34;nt&#34;&gt;&amp;#34;expiresAt&amp;#34;&lt;/span&gt;&lt;span class=&#34;p&#34;&gt;:&lt;/span&gt; &lt;span class=&#34;kc&#34;&gt;null&lt;/span&gt;&lt;span class=&#34;p&#34;&gt;,&lt;/span&gt;
&lt;/span&gt;&lt;/span&gt;&lt;span class=&#34;line&#34;&gt;&lt;span class=&#34;cl&#34;&gt;    &lt;span class=&#34;nt&#34;&gt;&amp;#34;date&amp;#34;&lt;/span&gt;&lt;span class=&#34;p&#34;&gt;:&lt;/span&gt; &lt;span class=&#34;s2&#34;&gt;&amp;#34;2023-12-05T00:00:00&amp;#34;&lt;/span&gt;&lt;span class=&#34;p&#34;&gt;,&lt;/span&gt;
&lt;/span&gt;&lt;/span&gt;&lt;span class=&#34;line&#34;&gt;&lt;span class=&#34;cl&#34;&gt;    &lt;span class=&#34;nt&#34;&gt;&amp;#34;lineNumber&amp;#34;&lt;/span&gt;&lt;span class=&#34;p&#34;&gt;:&lt;/span&gt; &lt;span class=&#34;s2&#34;&gt;&amp;#34;R1322&amp;#34;&lt;/span&gt;&lt;span class=&#34;p&#34;&gt;,&lt;/span&gt;
&lt;/span&gt;&lt;/span&gt;&lt;span class=&#34;line&#34;&gt;&lt;span class=&#34;cl&#34;&gt;    &lt;span class=&#34;nt&#34;&gt;&amp;#34;routeName&amp;#34;&lt;/span&gt;&lt;span class=&#34;p&#34;&gt;:&lt;/span&gt; &lt;span class=&#34;s2&#34;&gt;&amp;#34;R14B&amp;#34;&lt;/span&gt;&lt;span class=&#34;p&#34;&gt;,&lt;/span&gt;
&lt;/span&gt;&lt;/span&gt;&lt;span class=&#34;line&#34;&gt;&lt;span class=&#34;cl&#34;&gt;    &lt;span class=&#34;nt&#34;&gt;&amp;#34;reservationStatus&amp;#34;&lt;/span&gt;&lt;span class=&#34;p&#34;&gt;:&lt;/span&gt; &lt;span class=&#34;s2&#34;&gt;&amp;#34;Confirmed&amp;#34;&lt;/span&gt;&lt;span class=&#34;p&#34;&gt;,&lt;/span&gt;
&lt;/span&gt;&lt;/span&gt;&lt;span class=&#34;line&#34;&gt;&lt;span class=&#34;cl&#34;&gt;    &lt;span class=&#34;nt&#34;&gt;&amp;#34;vehicleOrder&amp;#34;&lt;/span&gt;&lt;span class=&#34;p&#34;&gt;:&lt;/span&gt; &lt;span class=&#34;mi&#34;&gt;1&lt;/span&gt;&lt;span class=&#34;p&#34;&gt;,&lt;/span&gt;
&lt;/span&gt;&lt;/span&gt;&lt;span class=&#34;line&#34;&gt;&lt;span class=&#34;cl&#34;&gt;    &lt;span class=&#34;nt&#34;&gt;&amp;#34;reservationType&amp;#34;&lt;/span&gt;&lt;span class=&#34;p&#34;&gt;:&lt;/span&gt; &lt;span class=&#34;s2&#34;&gt;&amp;#34;Reservation&amp;#34;&lt;/span&gt;
&lt;/span&gt;&lt;/span&gt;&lt;span class=&#34;line&#34;&gt;&lt;span class=&#34;cl&#34;&gt;  &lt;span class=&#34;p&#34;&gt;}&lt;/span&gt;
&lt;/span&gt;&lt;/span&gt;&lt;span class=&#34;line&#34;&gt;&lt;span class=&#34;cl&#34;&gt;&lt;span class=&#34;p&#34;&gt;]&lt;/span&gt;&lt;/span&gt;&lt;/span&gt;&lt;/code&gt;&lt;/pre&gt;&lt;/div&gt;&lt;/div&gt;&lt;div class=&#34;opacity-0 transition group-hover/code:opacity-100 flex gap-1 absolute m-[11px] right-0 top-0&#34;&gt;
    &lt;button
      class=&#34;code-copy-btn group/copybtn transition-all active:opacity-50 bg-primary-700/5 border border-black/5 text-gray-600 hover:text-gray-900 rounded-md p-1.5 dark:bg-primary-300/10 dark:border-white/10 dark:text-gray-400 dark:hover:text-gray-50&#34;
      title=&#34;Zkopírovat kód&#34;
    &gt;
      &lt;div class=&#34;group-[.copied]/copybtn:hidden copy-icon pointer-events-none h-4 w-4&#34;&gt;&lt;/div&gt;
      &lt;div class=&#34;hidden group-[.copied]/copybtn:block success-icon pointer-events-none h-4 w-4&#34;&gt;&lt;/div&gt;
    &lt;/button&gt;
  &lt;/div&gt;
&lt;/div&gt;
&lt;p&gt;Nyní je již &lt;strong&gt;reservationStatus&lt;/strong&gt; nastaven na Confirmed a hodnota &lt;strong&gt;expiresAt&lt;/strong&gt; je &lt;em&gt;NULL&lt;/em&gt;.&lt;/p&gt;
&lt;h2&gt;Uvolnění dočasné rezervace&lt;span class=&#34;absolute -mt-20&#34; id=&#34;uvolnění-dočasné-rezervace&#34;&gt;&lt;/span&gt;
    &lt;a href=&#34;#uvoln%c4%9bn%c3%ad-do%c4%8dasn%c3%a9-rezervace&#34; class=&#34;subheading-anchor&#34; aria-label=&#34;Permalink for this section&#34;&gt;&lt;/a&gt;&lt;/h2&gt;&lt;p&gt;V případě, že se nákup ruší bez potvrzení, volá se místo potvrzení &lt;code&gt;/v1/Reservation/ExtReleaseReservations&lt;/code&gt; s parametrem:&lt;/p&gt;
&lt;div class=&#34;code-block relative mt-6 first:mt-0 group/code&#34;&gt;&lt;div&gt;&lt;div class=&#34;highlight&#34;&gt;&lt;pre tabindex=&#34;0&#34; class=&#34;chroma&#34;&gt;&lt;code class=&#34;language-json&#34; data-lang=&#34;json&#34;&gt;&lt;span class=&#34;line&#34;&gt;&lt;span class=&#34;cl&#34;&gt;&lt;span class=&#34;p&#34;&gt;{&lt;/span&gt;
&lt;/span&gt;&lt;/span&gt;&lt;span class=&#34;line&#34;&gt;&lt;span class=&#34;cl&#34;&gt;  &lt;span class=&#34;nt&#34;&gt;&amp;#34;externalReservationsIds&amp;#34;&lt;/span&gt;&lt;span class=&#34;p&#34;&gt;:&lt;/span&gt; &lt;span class=&#34;p&#34;&gt;[&lt;/span&gt;
&lt;/span&gt;&lt;/span&gt;&lt;span class=&#34;line&#34;&gt;&lt;span class=&#34;cl&#34;&gt;    &lt;span class=&#34;s2&#34;&gt;&amp;#34;193d04af-9dc8-4767-ad6f-9115886a85e6&amp;#34;&lt;/span&gt;
&lt;/span&gt;&lt;/span&gt;&lt;span class=&#34;line&#34;&gt;&lt;span class=&#34;cl&#34;&gt;  &lt;span class=&#34;p&#34;&gt;]&lt;/span&gt;
&lt;/span&gt;&lt;/span&gt;&lt;span class=&#34;line&#34;&gt;&lt;span class=&#34;cl&#34;&gt;&lt;span class=&#34;p&#34;&gt;}&lt;/span&gt;&lt;/span&gt;&lt;/span&gt;&lt;/code&gt;&lt;/pre&gt;&lt;/div&gt;&lt;/div&gt;&lt;div class=&#34;opacity-0 transition group-hover/code:opacity-100 flex gap-1 absolute m-[11px] right-0 top-0&#34;&gt;
    &lt;button
      class=&#34;code-copy-btn group/copybtn transition-all active:opacity-50 bg-primary-700/5 border border-black/5 text-gray-600 hover:text-gray-900 rounded-md p-1.5 dark:bg-primary-300/10 dark:border-white/10 dark:text-gray-400 dark:hover:text-gray-50&#34;
      title=&#34;Zkopírovat kód&#34;
    &gt;
      &lt;div class=&#34;group-[.copied]/copybtn:hidden copy-icon pointer-events-none h-4 w-4&#34;&gt;&lt;/div&gt;
      &lt;div class=&#34;hidden group-[.copied]/copybtn:block success-icon pointer-events-none h-4 w-4&#34;&gt;&lt;/div&gt;
    &lt;/button&gt;
  &lt;/div&gt;
&lt;/div&gt;
&lt;p&gt;která vrací pouze &lt;em&gt;true/false&lt;/em&gt;. Tím se rezervovaná místenka uvolní pro ostatní zájemce a není třeba čekat na vypršení expirace.&lt;/p&gt;
&lt;h1&gt;Změna sedadla&lt;/h1&gt;&lt;p&gt;Pokud nevyhovuje automaticky přidělené sedadlo, je možné jej změnit. Nejprve se zavolá  &lt;code&gt;/v1/Reservation/ExtGetVehicles&lt;/code&gt; s parametrem:&lt;/p&gt;
&lt;div class=&#34;code-block relative mt-6 first:mt-0 group/code&#34;&gt;&lt;div&gt;&lt;div class=&#34;highlight&#34;&gt;&lt;pre tabindex=&#34;0&#34; class=&#34;chroma&#34;&gt;&lt;code class=&#34;language-json&#34; data-lang=&#34;json&#34;&gt;&lt;span class=&#34;line&#34;&gt;&lt;span class=&#34;cl&#34;&gt;&lt;span class=&#34;p&#34;&gt;{&lt;/span&gt;
&lt;/span&gt;&lt;/span&gt;&lt;span class=&#34;line&#34;&gt;&lt;span class=&#34;cl&#34;&gt;  &lt;span class=&#34;nt&#34;&gt;&amp;#34;lineNumber&amp;#34;&lt;/span&gt;&lt;span class=&#34;p&#34;&gt;:&lt;/span&gt; &lt;span class=&#34;s2&#34;&gt;&amp;#34;1322&amp;#34;&lt;/span&gt;&lt;span class=&#34;p&#34;&gt;,&lt;/span&gt;
&lt;/span&gt;&lt;/span&gt;&lt;span class=&#34;line&#34;&gt;&lt;span class=&#34;cl&#34;&gt;  &lt;span class=&#34;nt&#34;&gt;&amp;#34;date&amp;#34;&lt;/span&gt;&lt;span class=&#34;p&#34;&gt;:&lt;/span&gt; &lt;span class=&#34;s2&#34;&gt;&amp;#34;2023-12-05T00:00:00.000Z&amp;#34;&lt;/span&gt;&lt;span class=&#34;p&#34;&gt;,&lt;/span&gt;
&lt;/span&gt;&lt;/span&gt;&lt;span class=&#34;line&#34;&gt;&lt;span class=&#34;cl&#34;&gt;  &lt;span class=&#34;nt&#34;&gt;&amp;#34;traceStationFromId&amp;#34;&lt;/span&gt;&lt;span class=&#34;p&#34;&gt;:&lt;/span&gt; &lt;span class=&#34;mi&#34;&gt;1453&lt;/span&gt;&lt;span class=&#34;p&#34;&gt;,&lt;/span&gt;
&lt;/span&gt;&lt;/span&gt;&lt;span class=&#34;line&#34;&gt;&lt;span class=&#34;cl&#34;&gt;  &lt;span class=&#34;nt&#34;&gt;&amp;#34;traceStationToId&amp;#34;&lt;/span&gt;&lt;span class=&#34;p&#34;&gt;:&lt;/span&gt; &lt;span class=&#34;mi&#34;&gt;2187&lt;/span&gt; 
&lt;/span&gt;&lt;/span&gt;&lt;span class=&#34;line&#34;&gt;&lt;span class=&#34;cl&#34;&gt;&lt;span class=&#34;p&#34;&gt;}&lt;/span&gt;&lt;/span&gt;&lt;/span&gt;&lt;/code&gt;&lt;/pre&gt;&lt;/div&gt;&lt;/div&gt;&lt;div class=&#34;opacity-0 transition group-hover/code:opacity-100 flex gap-1 absolute m-[11px] right-0 top-0&#34;&gt;
    &lt;button
      class=&#34;code-copy-btn group/copybtn transition-all active:opacity-50 bg-primary-700/5 border border-black/5 text-gray-600 hover:text-gray-900 rounded-md p-1.5 dark:bg-primary-300/10 dark:border-white/10 dark:text-gray-400 dark:hover:text-gray-50&#34;
      title=&#34;Zkopírovat kód&#34;
    &gt;
      &lt;div class=&#34;group-[.copied]/copybtn:hidden copy-icon pointer-events-none h-4 w-4&#34;&gt;&lt;/div&gt;
      &lt;div class=&#34;hidden group-[.copied]/copybtn:block success-icon pointer-events-none h-4 w-4&#34;&gt;&lt;/div&gt;
    &lt;/button&gt;
  &lt;/div&gt;
&lt;/div&gt;
&lt;p&gt;Jako odpověď dostaneme seznam řazených vozů, pasivních prvků (item) a sedadel (seat)&lt;/p&gt;
&lt;div class=&#34;code-block relative mt-6 first:mt-0 group/code&#34;&gt;&lt;div&gt;&lt;div class=&#34;highlight&#34;&gt;&lt;pre tabindex=&#34;0&#34; class=&#34;chroma&#34;&gt;&lt;code class=&#34;language-json&#34; data-lang=&#34;json&#34;&gt;&lt;span class=&#34;line&#34;&gt;&lt;span class=&#34;cl&#34;&gt;  &lt;span class=&#34;p&#34;&gt;[&lt;/span&gt;
&lt;/span&gt;&lt;/span&gt;&lt;span class=&#34;line&#34;&gt;&lt;span class=&#34;cl&#34;&gt;  &lt;span class=&#34;p&#34;&gt;{&lt;/span&gt;
&lt;/span&gt;&lt;/span&gt;&lt;span class=&#34;line&#34;&gt;&lt;span class=&#34;cl&#34;&gt;    &lt;span class=&#34;nt&#34;&gt;&amp;#34;model&amp;#34;&lt;/span&gt;&lt;span class=&#34;p&#34;&gt;:&lt;/span&gt; &lt;span class=&#34;s2&#34;&gt;&amp;#34;845.P&amp;#34;&lt;/span&gt;&lt;span class=&#34;p&#34;&gt;,&lt;/span&gt;
&lt;/span&gt;&lt;/span&gt;&lt;span class=&#34;line&#34;&gt;&lt;span class=&#34;cl&#34;&gt;    &lt;span class=&#34;nt&#34;&gt;&amp;#34;sequence&amp;#34;&lt;/span&gt;&lt;span class=&#34;p&#34;&gt;:&lt;/span&gt; &lt;span class=&#34;mi&#34;&gt;1&lt;/span&gt;&lt;span class=&#34;p&#34;&gt;,&lt;/span&gt;
&lt;/span&gt;&lt;/span&gt;&lt;span class=&#34;line&#34;&gt;&lt;span class=&#34;cl&#34;&gt;    &lt;span class=&#34;nt&#34;&gt;&amp;#34;description&amp;#34;&lt;/span&gt;&lt;span class=&#34;p&#34;&gt;:&lt;/span&gt; &lt;span class=&#34;s2&#34;&gt;&amp;#34;1&amp;#34;&lt;/span&gt;&lt;span class=&#34;p&#34;&gt;,&lt;/span&gt;
&lt;/span&gt;&lt;/span&gt;&lt;span class=&#34;line&#34;&gt;&lt;span class=&#34;cl&#34;&gt;    &lt;span class=&#34;nt&#34;&gt;&amp;#34;vehicleAttributes&amp;#34;&lt;/span&gt;&lt;span class=&#34;p&#34;&gt;:&lt;/span&gt; &lt;span class=&#34;p&#34;&gt;[],&lt;/span&gt;
&lt;/span&gt;&lt;/span&gt;&lt;span class=&#34;line&#34;&gt;&lt;span class=&#34;cl&#34;&gt;    &lt;span class=&#34;nt&#34;&gt;&amp;#34;seatMap&amp;#34;&lt;/span&gt;&lt;span class=&#34;p&#34;&gt;:&lt;/span&gt; &lt;span class=&#34;p&#34;&gt;[&lt;/span&gt;
&lt;/span&gt;&lt;/span&gt;&lt;span class=&#34;line&#34;&gt;&lt;span class=&#34;cl&#34;&gt;      &lt;span class=&#34;p&#34;&gt;{&lt;/span&gt;
&lt;/span&gt;&lt;/span&gt;&lt;span class=&#34;line&#34;&gt;&lt;span class=&#34;cl&#34;&gt;        &lt;span class=&#34;nt&#34;&gt;&amp;#34;description&amp;#34;&lt;/span&gt;&lt;span class=&#34;p&#34;&gt;:&lt;/span&gt; &lt;span class=&#34;s2&#34;&gt;&amp;#34;Východ&amp;#34;&lt;/span&gt;&lt;span class=&#34;p&#34;&gt;,&lt;/span&gt;
&lt;/span&gt;&lt;/span&gt;&lt;span class=&#34;line&#34;&gt;&lt;span class=&#34;cl&#34;&gt;        &lt;span class=&#34;nt&#34;&gt;&amp;#34;orientation&amp;#34;&lt;/span&gt;&lt;span class=&#34;p&#34;&gt;:&lt;/span&gt; &lt;span class=&#34;s2&#34;&gt;&amp;#34;Backward&amp;#34;&lt;/span&gt;&lt;span class=&#34;p&#34;&gt;,&lt;/span&gt;
&lt;/span&gt;&lt;/span&gt;&lt;span class=&#34;line&#34;&gt;&lt;span class=&#34;cl&#34;&gt;        &lt;span class=&#34;nt&#34;&gt;&amp;#34;externalId&amp;#34;&lt;/span&gt;&lt;span class=&#34;p&#34;&gt;:&lt;/span&gt; &lt;span class=&#34;s2&#34;&gt;&amp;#34;8be67ae9-0d6e-45c9-ad12-2ba24e7433e9&amp;#34;&lt;/span&gt;&lt;span class=&#34;p&#34;&gt;,&lt;/span&gt;
&lt;/span&gt;&lt;/span&gt;&lt;span class=&#34;line&#34;&gt;&lt;span class=&#34;cl&#34;&gt;        &lt;span class=&#34;nt&#34;&gt;&amp;#34;coordX&amp;#34;&lt;/span&gt;&lt;span class=&#34;p&#34;&gt;:&lt;/span&gt; &lt;span class=&#34;mi&#34;&gt;0&lt;/span&gt;&lt;span class=&#34;p&#34;&gt;,&lt;/span&gt;
&lt;/span&gt;&lt;/span&gt;&lt;span class=&#34;line&#34;&gt;&lt;span class=&#34;cl&#34;&gt;        &lt;span class=&#34;nt&#34;&gt;&amp;#34;coordY&amp;#34;&lt;/span&gt;&lt;span class=&#34;p&#34;&gt;:&lt;/span&gt; &lt;span class=&#34;mi&#34;&gt;0&lt;/span&gt;&lt;span class=&#34;p&#34;&gt;,&lt;/span&gt;
&lt;/span&gt;&lt;/span&gt;&lt;span class=&#34;line&#34;&gt;&lt;span class=&#34;cl&#34;&gt;        &lt;span class=&#34;nt&#34;&gt;&amp;#34;floor&amp;#34;&lt;/span&gt;&lt;span class=&#34;p&#34;&gt;:&lt;/span&gt; &lt;span class=&#34;mi&#34;&gt;1&lt;/span&gt;&lt;span class=&#34;p&#34;&gt;,&lt;/span&gt;
&lt;/span&gt;&lt;/span&gt;&lt;span class=&#34;line&#34;&gt;&lt;span class=&#34;cl&#34;&gt;        &lt;span class=&#34;nt&#34;&gt;&amp;#34;availability&amp;#34;&lt;/span&gt;&lt;span class=&#34;p&#34;&gt;:&lt;/span&gt; &lt;span class=&#34;s2&#34;&gt;&amp;#34;Unknown&amp;#34;&lt;/span&gt;&lt;span class=&#34;p&#34;&gt;,&lt;/span&gt;
&lt;/span&gt;&lt;/span&gt;&lt;span class=&#34;line&#34;&gt;&lt;span class=&#34;cl&#34;&gt;        &lt;span class=&#34;nt&#34;&gt;&amp;#34;itemType&amp;#34;&lt;/span&gt;&lt;span class=&#34;p&#34;&gt;:&lt;/span&gt; &lt;span class=&#34;s2&#34;&gt;&amp;#34;Exit&amp;#34;&lt;/span&gt;&lt;span class=&#34;p&#34;&gt;,&lt;/span&gt;
&lt;/span&gt;&lt;/span&gt;&lt;span class=&#34;line&#34;&gt;&lt;span class=&#34;cl&#34;&gt;        &lt;span class=&#34;nt&#34;&gt;&amp;#34;seatAttributes&amp;#34;&lt;/span&gt;&lt;span class=&#34;p&#34;&gt;:&lt;/span&gt; &lt;span class=&#34;p&#34;&gt;[]&lt;/span&gt;
&lt;/span&gt;&lt;/span&gt;&lt;span class=&#34;line&#34;&gt;&lt;span class=&#34;cl&#34;&gt;      &lt;span class=&#34;p&#34;&gt;},&lt;/span&gt;
&lt;/span&gt;&lt;/span&gt;&lt;span class=&#34;line&#34;&gt;&lt;span class=&#34;cl&#34;&gt;      &lt;span class=&#34;p&#34;&gt;{&lt;/span&gt;
&lt;/span&gt;&lt;/span&gt;&lt;span class=&#34;line&#34;&gt;&lt;span class=&#34;cl&#34;&gt;        &lt;span class=&#34;nt&#34;&gt;&amp;#34;description&amp;#34;&lt;/span&gt;&lt;span class=&#34;p&#34;&gt;:&lt;/span&gt; &lt;span class=&#34;s2&#34;&gt;&amp;#34;Prázdný prostor&amp;#34;&lt;/span&gt;&lt;span class=&#34;p&#34;&gt;,&lt;/span&gt;
&lt;/span&gt;&lt;/span&gt;&lt;span class=&#34;line&#34;&gt;&lt;span class=&#34;cl&#34;&gt;        &lt;span class=&#34;nt&#34;&gt;&amp;#34;orientation&amp;#34;&lt;/span&gt;&lt;span class=&#34;p&#34;&gt;:&lt;/span&gt; &lt;span class=&#34;s2&#34;&gt;&amp;#34;Backward&amp;#34;&lt;/span&gt;&lt;span class=&#34;p&#34;&gt;,&lt;/span&gt;
&lt;/span&gt;&lt;/span&gt;&lt;span class=&#34;line&#34;&gt;&lt;span class=&#34;cl&#34;&gt;        &lt;span class=&#34;nt&#34;&gt;&amp;#34;externalId&amp;#34;&lt;/span&gt;&lt;span class=&#34;p&#34;&gt;:&lt;/span&gt; &lt;span class=&#34;s2&#34;&gt;&amp;#34;5fc6c8ab-edca-4b9f-9e68-a0f947b3050e&amp;#34;&lt;/span&gt;&lt;span class=&#34;p&#34;&gt;,&lt;/span&gt;
&lt;/span&gt;&lt;/span&gt;&lt;span class=&#34;line&#34;&gt;&lt;span class=&#34;cl&#34;&gt;        &lt;span class=&#34;nt&#34;&gt;&amp;#34;coordX&amp;#34;&lt;/span&gt;&lt;span class=&#34;p&#34;&gt;:&lt;/span&gt; &lt;span class=&#34;mi&#34;&gt;1&lt;/span&gt;&lt;span class=&#34;p&#34;&gt;,&lt;/span&gt;
&lt;/span&gt;&lt;/span&gt;&lt;span class=&#34;line&#34;&gt;&lt;span class=&#34;cl&#34;&gt;        &lt;span class=&#34;nt&#34;&gt;&amp;#34;coordY&amp;#34;&lt;/span&gt;&lt;span class=&#34;p&#34;&gt;:&lt;/span&gt; &lt;span class=&#34;mi&#34;&gt;0&lt;/span&gt;&lt;span class=&#34;p&#34;&gt;,&lt;/span&gt;
&lt;/span&gt;&lt;/span&gt;&lt;span class=&#34;line&#34;&gt;&lt;span class=&#34;cl&#34;&gt;        &lt;span class=&#34;nt&#34;&gt;&amp;#34;floor&amp;#34;&lt;/span&gt;&lt;span class=&#34;p&#34;&gt;:&lt;/span&gt; &lt;span class=&#34;mi&#34;&gt;1&lt;/span&gt;&lt;span class=&#34;p&#34;&gt;,&lt;/span&gt;
&lt;/span&gt;&lt;/span&gt;&lt;span class=&#34;line&#34;&gt;&lt;span class=&#34;cl&#34;&gt;        &lt;span class=&#34;nt&#34;&gt;&amp;#34;availability&amp;#34;&lt;/span&gt;&lt;span class=&#34;p&#34;&gt;:&lt;/span&gt; &lt;span class=&#34;s2&#34;&gt;&amp;#34;Unknown&amp;#34;&lt;/span&gt;&lt;span class=&#34;p&#34;&gt;,&lt;/span&gt;
&lt;/span&gt;&lt;/span&gt;&lt;span class=&#34;line&#34;&gt;&lt;span class=&#34;cl&#34;&gt;        &lt;span class=&#34;nt&#34;&gt;&amp;#34;itemType&amp;#34;&lt;/span&gt;&lt;span class=&#34;p&#34;&gt;:&lt;/span&gt; &lt;span class=&#34;s2&#34;&gt;&amp;#34;Empty&amp;#34;&lt;/span&gt;&lt;span class=&#34;p&#34;&gt;,&lt;/span&gt;
&lt;/span&gt;&lt;/span&gt;&lt;span class=&#34;line&#34;&gt;&lt;span class=&#34;cl&#34;&gt;        &lt;span class=&#34;nt&#34;&gt;&amp;#34;seatAttributes&amp;#34;&lt;/span&gt;&lt;span class=&#34;p&#34;&gt;:&lt;/span&gt; &lt;span class=&#34;p&#34;&gt;[]&lt;/span&gt;
&lt;/span&gt;&lt;/span&gt;&lt;span class=&#34;line&#34;&gt;&lt;span class=&#34;cl&#34;&gt;      &lt;span class=&#34;p&#34;&gt;},&lt;/span&gt;
&lt;/span&gt;&lt;/span&gt;&lt;span class=&#34;line&#34;&gt;&lt;span class=&#34;cl&#34;&gt;	  &lt;span class=&#34;err&#34;&gt;/*&lt;/span&gt;  &lt;span class=&#34;err&#34;&gt;....&lt;/span&gt; &lt;span class=&#34;err&#34;&gt;*/&lt;/span&gt;
&lt;/span&gt;&lt;/span&gt;&lt;span class=&#34;line&#34;&gt;&lt;span class=&#34;cl&#34;&gt;      &lt;span class=&#34;p&#34;&gt;{&lt;/span&gt;
&lt;/span&gt;&lt;/span&gt;&lt;span class=&#34;line&#34;&gt;&lt;span class=&#34;cl&#34;&gt;        &lt;span class=&#34;nt&#34;&gt;&amp;#34;description&amp;#34;&lt;/span&gt;&lt;span class=&#34;p&#34;&gt;:&lt;/span&gt; &lt;span class=&#34;s2&#34;&gt;&amp;#34;11&amp;#34;&lt;/span&gt;&lt;span class=&#34;p&#34;&gt;,&lt;/span&gt;
&lt;/span&gt;&lt;/span&gt;&lt;span class=&#34;line&#34;&gt;&lt;span class=&#34;cl&#34;&gt;        &lt;span class=&#34;nt&#34;&gt;&amp;#34;orientation&amp;#34;&lt;/span&gt;&lt;span class=&#34;p&#34;&gt;:&lt;/span&gt; &lt;span class=&#34;s2&#34;&gt;&amp;#34;Backward&amp;#34;&lt;/span&gt;&lt;span class=&#34;p&#34;&gt;,&lt;/span&gt;
&lt;/span&gt;&lt;/span&gt;&lt;span class=&#34;line&#34;&gt;&lt;span class=&#34;cl&#34;&gt;        &lt;span class=&#34;nt&#34;&gt;&amp;#34;externalId&amp;#34;&lt;/span&gt;&lt;span class=&#34;p&#34;&gt;:&lt;/span&gt; &lt;span class=&#34;s2&#34;&gt;&amp;#34;2bb66e74-d0de-429a-9d78-7ad01108992b&amp;#34;&lt;/span&gt;&lt;span class=&#34;p&#34;&gt;,&lt;/span&gt;
&lt;/span&gt;&lt;/span&gt;&lt;span class=&#34;line&#34;&gt;&lt;span class=&#34;cl&#34;&gt;        &lt;span class=&#34;nt&#34;&gt;&amp;#34;coordX&amp;#34;&lt;/span&gt;&lt;span class=&#34;p&#34;&gt;:&lt;/span&gt; &lt;span class=&#34;mi&#34;&gt;0&lt;/span&gt;&lt;span class=&#34;p&#34;&gt;,&lt;/span&gt;
&lt;/span&gt;&lt;/span&gt;&lt;span class=&#34;line&#34;&gt;&lt;span class=&#34;cl&#34;&gt;        &lt;span class=&#34;nt&#34;&gt;&amp;#34;coordY&amp;#34;&lt;/span&gt;&lt;span class=&#34;p&#34;&gt;:&lt;/span&gt; &lt;span class=&#34;mi&#34;&gt;4&lt;/span&gt;&lt;span class=&#34;p&#34;&gt;,&lt;/span&gt;
&lt;/span&gt;&lt;/span&gt;&lt;span class=&#34;line&#34;&gt;&lt;span class=&#34;cl&#34;&gt;        &lt;span class=&#34;nt&#34;&gt;&amp;#34;floor&amp;#34;&lt;/span&gt;&lt;span class=&#34;p&#34;&gt;:&lt;/span&gt; &lt;span class=&#34;mi&#34;&gt;1&lt;/span&gt;&lt;span class=&#34;p&#34;&gt;,&lt;/span&gt;
&lt;/span&gt;&lt;/span&gt;&lt;span class=&#34;line&#34;&gt;&lt;span class=&#34;cl&#34;&gt;        &lt;span class=&#34;nt&#34;&gt;&amp;#34;availability&amp;#34;&lt;/span&gt;&lt;span class=&#34;p&#34;&gt;:&lt;/span&gt; &lt;span class=&#34;s2&#34;&gt;&amp;#34;Sold&amp;#34;&lt;/span&gt;&lt;span class=&#34;p&#34;&gt;,&lt;/span&gt;
&lt;/span&gt;&lt;/span&gt;&lt;span class=&#34;line&#34;&gt;&lt;span class=&#34;cl&#34;&gt;        &lt;span class=&#34;nt&#34;&gt;&amp;#34;itemType&amp;#34;&lt;/span&gt;&lt;span class=&#34;p&#34;&gt;:&lt;/span&gt; &lt;span class=&#34;s2&#34;&gt;&amp;#34;Seat&amp;#34;&lt;/span&gt;&lt;span class=&#34;p&#34;&gt;,&lt;/span&gt;
&lt;/span&gt;&lt;/span&gt;&lt;span class=&#34;line&#34;&gt;&lt;span class=&#34;cl&#34;&gt;        &lt;span class=&#34;nt&#34;&gt;&amp;#34;seatAttributes&amp;#34;&lt;/span&gt;&lt;span class=&#34;p&#34;&gt;:&lt;/span&gt; &lt;span class=&#34;p&#34;&gt;[]&lt;/span&gt;
&lt;/span&gt;&lt;/span&gt;&lt;span class=&#34;line&#34;&gt;&lt;span class=&#34;cl&#34;&gt;      &lt;span class=&#34;p&#34;&gt;},&lt;/span&gt;
&lt;/span&gt;&lt;/span&gt;&lt;span class=&#34;line&#34;&gt;&lt;span class=&#34;cl&#34;&gt;      &lt;span class=&#34;p&#34;&gt;{&lt;/span&gt;
&lt;/span&gt;&lt;/span&gt;&lt;span class=&#34;line&#34;&gt;&lt;span class=&#34;cl&#34;&gt;        &lt;span class=&#34;nt&#34;&gt;&amp;#34;description&amp;#34;&lt;/span&gt;&lt;span class=&#34;p&#34;&gt;:&lt;/span&gt; &lt;span class=&#34;s2&#34;&gt;&amp;#34;13&amp;#34;&lt;/span&gt;&lt;span class=&#34;p&#34;&gt;,&lt;/span&gt;
&lt;/span&gt;&lt;/span&gt;&lt;span class=&#34;line&#34;&gt;&lt;span class=&#34;cl&#34;&gt;        &lt;span class=&#34;nt&#34;&gt;&amp;#34;orientation&amp;#34;&lt;/span&gt;&lt;span class=&#34;p&#34;&gt;:&lt;/span&gt; &lt;span class=&#34;s2&#34;&gt;&amp;#34;Backward&amp;#34;&lt;/span&gt;&lt;span class=&#34;p&#34;&gt;,&lt;/span&gt;
&lt;/span&gt;&lt;/span&gt;&lt;span class=&#34;line&#34;&gt;&lt;span class=&#34;cl&#34;&gt;        &lt;span class=&#34;nt&#34;&gt;&amp;#34;externalId&amp;#34;&lt;/span&gt;&lt;span class=&#34;p&#34;&gt;:&lt;/span&gt; &lt;span class=&#34;s2&#34;&gt;&amp;#34;70123deb-4e70-4ab3-a4ab-6f50da18c780&amp;#34;&lt;/span&gt;&lt;span class=&#34;p&#34;&gt;,&lt;/span&gt;
&lt;/span&gt;&lt;/span&gt;&lt;span class=&#34;line&#34;&gt;&lt;span class=&#34;cl&#34;&gt;        &lt;span class=&#34;nt&#34;&gt;&amp;#34;coordX&amp;#34;&lt;/span&gt;&lt;span class=&#34;p&#34;&gt;:&lt;/span&gt; &lt;span class=&#34;mi&#34;&gt;1&lt;/span&gt;&lt;span class=&#34;p&#34;&gt;,&lt;/span&gt;
&lt;/span&gt;&lt;/span&gt;&lt;span class=&#34;line&#34;&gt;&lt;span class=&#34;cl&#34;&gt;        &lt;span class=&#34;nt&#34;&gt;&amp;#34;coordY&amp;#34;&lt;/span&gt;&lt;span class=&#34;p&#34;&gt;:&lt;/span&gt; &lt;span class=&#34;mi&#34;&gt;4&lt;/span&gt;&lt;span class=&#34;p&#34;&gt;,&lt;/span&gt;
&lt;/span&gt;&lt;/span&gt;&lt;span class=&#34;line&#34;&gt;&lt;span class=&#34;cl&#34;&gt;        &lt;span class=&#34;nt&#34;&gt;&amp;#34;floor&amp;#34;&lt;/span&gt;&lt;span class=&#34;p&#34;&gt;:&lt;/span&gt; &lt;span class=&#34;mi&#34;&gt;1&lt;/span&gt;&lt;span class=&#34;p&#34;&gt;,&lt;/span&gt;
&lt;/span&gt;&lt;/span&gt;&lt;span class=&#34;line&#34;&gt;&lt;span class=&#34;cl&#34;&gt;        &lt;span class=&#34;nt&#34;&gt;&amp;#34;availability&amp;#34;&lt;/span&gt;&lt;span class=&#34;p&#34;&gt;:&lt;/span&gt; &lt;span class=&#34;s2&#34;&gt;&amp;#34;Available&amp;#34;&lt;/span&gt;&lt;span class=&#34;p&#34;&gt;,&lt;/span&gt;
&lt;/span&gt;&lt;/span&gt;&lt;span class=&#34;line&#34;&gt;&lt;span class=&#34;cl&#34;&gt;        &lt;span class=&#34;nt&#34;&gt;&amp;#34;itemType&amp;#34;&lt;/span&gt;&lt;span class=&#34;p&#34;&gt;:&lt;/span&gt; &lt;span class=&#34;s2&#34;&gt;&amp;#34;Seat&amp;#34;&lt;/span&gt;&lt;span class=&#34;p&#34;&gt;,&lt;/span&gt;
&lt;/span&gt;&lt;/span&gt;&lt;span class=&#34;line&#34;&gt;&lt;span class=&#34;cl&#34;&gt;        &lt;span class=&#34;nt&#34;&gt;&amp;#34;seatAttributes&amp;#34;&lt;/span&gt;&lt;span class=&#34;p&#34;&gt;:&lt;/span&gt; &lt;span class=&#34;p&#34;&gt;[]&lt;/span&gt;
&lt;/span&gt;&lt;/span&gt;&lt;span class=&#34;line&#34;&gt;&lt;span class=&#34;cl&#34;&gt;      &lt;span class=&#34;p&#34;&gt;},&lt;/span&gt;
&lt;/span&gt;&lt;/span&gt;&lt;span class=&#34;line&#34;&gt;&lt;span class=&#34;cl&#34;&gt;      &lt;span class=&#34;p&#34;&gt;{&lt;/span&gt;
&lt;/span&gt;&lt;/span&gt;&lt;span class=&#34;line&#34;&gt;&lt;span class=&#34;cl&#34;&gt;        &lt;span class=&#34;nt&#34;&gt;&amp;#34;description&amp;#34;&lt;/span&gt;&lt;span class=&#34;p&#34;&gt;:&lt;/span&gt; &lt;span class=&#34;s2&#34;&gt;&amp;#34;Ulička&amp;#34;&lt;/span&gt;&lt;span class=&#34;p&#34;&gt;,&lt;/span&gt;
&lt;/span&gt;&lt;/span&gt;&lt;span class=&#34;line&#34;&gt;&lt;span class=&#34;cl&#34;&gt;        &lt;span class=&#34;nt&#34;&gt;&amp;#34;orientation&amp;#34;&lt;/span&gt;&lt;span class=&#34;p&#34;&gt;:&lt;/span&gt; &lt;span class=&#34;s2&#34;&gt;&amp;#34;Backward&amp;#34;&lt;/span&gt;&lt;span class=&#34;p&#34;&gt;,&lt;/span&gt;
&lt;/span&gt;&lt;/span&gt;&lt;span class=&#34;line&#34;&gt;&lt;span class=&#34;cl&#34;&gt;        &lt;span class=&#34;nt&#34;&gt;&amp;#34;externalId&amp;#34;&lt;/span&gt;&lt;span class=&#34;p&#34;&gt;:&lt;/span&gt; &lt;span class=&#34;s2&#34;&gt;&amp;#34;2acf9a37-0e3e-43f7-a82f-6d9718931aa5&amp;#34;&lt;/span&gt;&lt;span class=&#34;p&#34;&gt;,&lt;/span&gt;
&lt;/span&gt;&lt;/span&gt;&lt;span class=&#34;line&#34;&gt;&lt;span class=&#34;cl&#34;&gt;        &lt;span class=&#34;nt&#34;&gt;&amp;#34;coordX&amp;#34;&lt;/span&gt;&lt;span class=&#34;p&#34;&gt;:&lt;/span&gt; &lt;span class=&#34;mi&#34;&gt;2&lt;/span&gt;&lt;span class=&#34;p&#34;&gt;,&lt;/span&gt;
&lt;/span&gt;&lt;/span&gt;&lt;span class=&#34;line&#34;&gt;&lt;span class=&#34;cl&#34;&gt;        &lt;span class=&#34;nt&#34;&gt;&amp;#34;coordY&amp;#34;&lt;/span&gt;&lt;span class=&#34;p&#34;&gt;:&lt;/span&gt; &lt;span class=&#34;mi&#34;&gt;4&lt;/span&gt;&lt;span class=&#34;p&#34;&gt;,&lt;/span&gt;
&lt;/span&gt;&lt;/span&gt;&lt;span class=&#34;line&#34;&gt;&lt;span class=&#34;cl&#34;&gt;        &lt;span class=&#34;nt&#34;&gt;&amp;#34;floor&amp;#34;&lt;/span&gt;&lt;span class=&#34;p&#34;&gt;:&lt;/span&gt; &lt;span class=&#34;mi&#34;&gt;1&lt;/span&gt;&lt;span class=&#34;p&#34;&gt;,&lt;/span&gt;
&lt;/span&gt;&lt;/span&gt;&lt;span class=&#34;line&#34;&gt;&lt;span class=&#34;cl&#34;&gt;        &lt;span class=&#34;nt&#34;&gt;&amp;#34;availability&amp;#34;&lt;/span&gt;&lt;span class=&#34;p&#34;&gt;:&lt;/span&gt; &lt;span class=&#34;s2&#34;&gt;&amp;#34;Unknown&amp;#34;&lt;/span&gt;&lt;span class=&#34;p&#34;&gt;,&lt;/span&gt;
&lt;/span&gt;&lt;/span&gt;&lt;span class=&#34;line&#34;&gt;&lt;span class=&#34;cl&#34;&gt;        &lt;span class=&#34;nt&#34;&gt;&amp;#34;itemType&amp;#34;&lt;/span&gt;&lt;span class=&#34;p&#34;&gt;:&lt;/span&gt; &lt;span class=&#34;s2&#34;&gt;&amp;#34;Corridor&amp;#34;&lt;/span&gt;&lt;span class=&#34;p&#34;&gt;,&lt;/span&gt;
&lt;/span&gt;&lt;/span&gt;&lt;span class=&#34;line&#34;&gt;&lt;span class=&#34;cl&#34;&gt;        &lt;span class=&#34;nt&#34;&gt;&amp;#34;seatAttributes&amp;#34;&lt;/span&gt;&lt;span class=&#34;p&#34;&gt;:&lt;/span&gt; &lt;span class=&#34;p&#34;&gt;[]&lt;/span&gt;
&lt;/span&gt;&lt;/span&gt;&lt;span class=&#34;line&#34;&gt;&lt;span class=&#34;cl&#34;&gt;      &lt;span class=&#34;p&#34;&gt;},&lt;/span&gt;
&lt;/span&gt;&lt;/span&gt;&lt;span class=&#34;line&#34;&gt;&lt;span class=&#34;cl&#34;&gt;      &lt;span class=&#34;p&#34;&gt;{&lt;/span&gt;
&lt;/span&gt;&lt;/span&gt;&lt;span class=&#34;line&#34;&gt;&lt;span class=&#34;cl&#34;&gt;        &lt;span class=&#34;nt&#34;&gt;&amp;#34;description&amp;#34;&lt;/span&gt;&lt;span class=&#34;p&#34;&gt;:&lt;/span&gt; &lt;span class=&#34;s2&#34;&gt;&amp;#34;17&amp;#34;&lt;/span&gt;&lt;span class=&#34;p&#34;&gt;,&lt;/span&gt;
&lt;/span&gt;&lt;/span&gt;&lt;span class=&#34;line&#34;&gt;&lt;span class=&#34;cl&#34;&gt;        &lt;span class=&#34;nt&#34;&gt;&amp;#34;orientation&amp;#34;&lt;/span&gt;&lt;span class=&#34;p&#34;&gt;:&lt;/span&gt; &lt;span class=&#34;s2&#34;&gt;&amp;#34;Backward&amp;#34;&lt;/span&gt;&lt;span class=&#34;p&#34;&gt;,&lt;/span&gt;
&lt;/span&gt;&lt;/span&gt;&lt;span class=&#34;line&#34;&gt;&lt;span class=&#34;cl&#34;&gt;        &lt;span class=&#34;nt&#34;&gt;&amp;#34;externalId&amp;#34;&lt;/span&gt;&lt;span class=&#34;p&#34;&gt;:&lt;/span&gt; &lt;span class=&#34;s2&#34;&gt;&amp;#34;394c4cfa-7de5-4edc-b890-94b9dc64428e&amp;#34;&lt;/span&gt;&lt;span class=&#34;p&#34;&gt;,&lt;/span&gt;
&lt;/span&gt;&lt;/span&gt;&lt;span class=&#34;line&#34;&gt;&lt;span class=&#34;cl&#34;&gt;        &lt;span class=&#34;nt&#34;&gt;&amp;#34;coordX&amp;#34;&lt;/span&gt;&lt;span class=&#34;p&#34;&gt;:&lt;/span&gt; &lt;span class=&#34;mi&#34;&gt;3&lt;/span&gt;&lt;span class=&#34;p&#34;&gt;,&lt;/span&gt;
&lt;/span&gt;&lt;/span&gt;&lt;span class=&#34;line&#34;&gt;&lt;span class=&#34;cl&#34;&gt;        &lt;span class=&#34;nt&#34;&gt;&amp;#34;coordY&amp;#34;&lt;/span&gt;&lt;span class=&#34;p&#34;&gt;:&lt;/span&gt; &lt;span class=&#34;mi&#34;&gt;4&lt;/span&gt;&lt;span class=&#34;p&#34;&gt;,&lt;/span&gt;
&lt;/span&gt;&lt;/span&gt;&lt;span class=&#34;line&#34;&gt;&lt;span class=&#34;cl&#34;&gt;        &lt;span class=&#34;nt&#34;&gt;&amp;#34;floor&amp;#34;&lt;/span&gt;&lt;span class=&#34;p&#34;&gt;:&lt;/span&gt; &lt;span class=&#34;mi&#34;&gt;1&lt;/span&gt;&lt;span class=&#34;p&#34;&gt;,&lt;/span&gt;
&lt;/span&gt;&lt;/span&gt;&lt;span class=&#34;line&#34;&gt;&lt;span class=&#34;cl&#34;&gt;        &lt;span class=&#34;nt&#34;&gt;&amp;#34;availability&amp;#34;&lt;/span&gt;&lt;span class=&#34;p&#34;&gt;:&lt;/span&gt; &lt;span class=&#34;s2&#34;&gt;&amp;#34;Available&amp;#34;&lt;/span&gt;&lt;span class=&#34;p&#34;&gt;,&lt;/span&gt;
&lt;/span&gt;&lt;/span&gt;&lt;span class=&#34;line&#34;&gt;&lt;span class=&#34;cl&#34;&gt;        &lt;span class=&#34;nt&#34;&gt;&amp;#34;itemType&amp;#34;&lt;/span&gt;&lt;span class=&#34;p&#34;&gt;:&lt;/span&gt; &lt;span class=&#34;s2&#34;&gt;&amp;#34;Seat&amp;#34;&lt;/span&gt;&lt;span class=&#34;p&#34;&gt;,&lt;/span&gt;
&lt;/span&gt;&lt;/span&gt;&lt;span class=&#34;line&#34;&gt;&lt;span class=&#34;cl&#34;&gt;        &lt;span class=&#34;nt&#34;&gt;&amp;#34;seatAttributes&amp;#34;&lt;/span&gt;&lt;span class=&#34;p&#34;&gt;:&lt;/span&gt; &lt;span class=&#34;p&#34;&gt;[]&lt;/span&gt;
&lt;/span&gt;&lt;/span&gt;&lt;span class=&#34;line&#34;&gt;&lt;span class=&#34;cl&#34;&gt;      &lt;span class=&#34;p&#34;&gt;},&lt;/span&gt;
&lt;/span&gt;&lt;/span&gt;&lt;span class=&#34;line&#34;&gt;&lt;span class=&#34;cl&#34;&gt;      &lt;span class=&#34;p&#34;&gt;{&lt;/span&gt;
&lt;/span&gt;&lt;/span&gt;&lt;span class=&#34;line&#34;&gt;&lt;span class=&#34;cl&#34;&gt;        &lt;span class=&#34;nt&#34;&gt;&amp;#34;description&amp;#34;&lt;/span&gt;&lt;span class=&#34;p&#34;&gt;:&lt;/span&gt; &lt;span class=&#34;s2&#34;&gt;&amp;#34;15&amp;#34;&lt;/span&gt;&lt;span class=&#34;p&#34;&gt;,&lt;/span&gt;
&lt;/span&gt;&lt;/span&gt;&lt;span class=&#34;line&#34;&gt;&lt;span class=&#34;cl&#34;&gt;        &lt;span class=&#34;nt&#34;&gt;&amp;#34;orientation&amp;#34;&lt;/span&gt;&lt;span class=&#34;p&#34;&gt;:&lt;/span&gt; &lt;span class=&#34;s2&#34;&gt;&amp;#34;Backward&amp;#34;&lt;/span&gt;&lt;span class=&#34;p&#34;&gt;,&lt;/span&gt;
&lt;/span&gt;&lt;/span&gt;&lt;span class=&#34;line&#34;&gt;&lt;span class=&#34;cl&#34;&gt;        &lt;span class=&#34;nt&#34;&gt;&amp;#34;externalId&amp;#34;&lt;/span&gt;&lt;span class=&#34;p&#34;&gt;:&lt;/span&gt; &lt;span class=&#34;s2&#34;&gt;&amp;#34;766cc612-0185-4ca5-9613-031d74d13fe0&amp;#34;&lt;/span&gt;&lt;span class=&#34;p&#34;&gt;,&lt;/span&gt;
&lt;/span&gt;&lt;/span&gt;&lt;span class=&#34;line&#34;&gt;&lt;span class=&#34;cl&#34;&gt;        &lt;span class=&#34;nt&#34;&gt;&amp;#34;coordX&amp;#34;&lt;/span&gt;&lt;span class=&#34;p&#34;&gt;:&lt;/span&gt; &lt;span class=&#34;mi&#34;&gt;4&lt;/span&gt;&lt;span class=&#34;p&#34;&gt;,&lt;/span&gt;
&lt;/span&gt;&lt;/span&gt;&lt;span class=&#34;line&#34;&gt;&lt;span class=&#34;cl&#34;&gt;        &lt;span class=&#34;nt&#34;&gt;&amp;#34;coordY&amp;#34;&lt;/span&gt;&lt;span class=&#34;p&#34;&gt;:&lt;/span&gt; &lt;span class=&#34;mi&#34;&gt;4&lt;/span&gt;&lt;span class=&#34;p&#34;&gt;,&lt;/span&gt;
&lt;/span&gt;&lt;/span&gt;&lt;span class=&#34;line&#34;&gt;&lt;span class=&#34;cl&#34;&gt;        &lt;span class=&#34;nt&#34;&gt;&amp;#34;floor&amp;#34;&lt;/span&gt;&lt;span class=&#34;p&#34;&gt;:&lt;/span&gt; &lt;span class=&#34;mi&#34;&gt;1&lt;/span&gt;&lt;span class=&#34;p&#34;&gt;,&lt;/span&gt;
&lt;/span&gt;&lt;/span&gt;&lt;span class=&#34;line&#34;&gt;&lt;span class=&#34;cl&#34;&gt;        &lt;span class=&#34;nt&#34;&gt;&amp;#34;availability&amp;#34;&lt;/span&gt;&lt;span class=&#34;p&#34;&gt;:&lt;/span&gt; &lt;span class=&#34;s2&#34;&gt;&amp;#34;Available&amp;#34;&lt;/span&gt;&lt;span class=&#34;p&#34;&gt;,&lt;/span&gt;
&lt;/span&gt;&lt;/span&gt;&lt;span class=&#34;line&#34;&gt;&lt;span class=&#34;cl&#34;&gt;        &lt;span class=&#34;nt&#34;&gt;&amp;#34;itemType&amp;#34;&lt;/span&gt;&lt;span class=&#34;p&#34;&gt;:&lt;/span&gt; &lt;span class=&#34;s2&#34;&gt;&amp;#34;Seat&amp;#34;&lt;/span&gt;&lt;span class=&#34;p&#34;&gt;,&lt;/span&gt;
&lt;/span&gt;&lt;/span&gt;&lt;span class=&#34;line&#34;&gt;&lt;span class=&#34;cl&#34;&gt;        &lt;span class=&#34;nt&#34;&gt;&amp;#34;seatAttributes&amp;#34;&lt;/span&gt;&lt;span class=&#34;p&#34;&gt;:&lt;/span&gt; &lt;span class=&#34;p&#34;&gt;[]&lt;/span&gt;
&lt;/span&gt;&lt;/span&gt;&lt;span class=&#34;line&#34;&gt;&lt;span class=&#34;cl&#34;&gt;      &lt;span class=&#34;p&#34;&gt;},&lt;/span&gt;
&lt;/span&gt;&lt;/span&gt;&lt;span class=&#34;line&#34;&gt;&lt;span class=&#34;cl&#34;&gt;      &lt;span class=&#34;err&#34;&gt;/*&lt;/span&gt;  &lt;span class=&#34;err&#34;&gt;....&lt;/span&gt; &lt;span class=&#34;err&#34;&gt;*/&lt;/span&gt;
&lt;/span&gt;&lt;/span&gt;&lt;span class=&#34;line&#34;&gt;&lt;span class=&#34;cl&#34;&gt;    &lt;span class=&#34;p&#34;&gt;],&lt;/span&gt;
&lt;/span&gt;&lt;/span&gt;&lt;span class=&#34;line&#34;&gt;&lt;span class=&#34;cl&#34;&gt;    &lt;span class=&#34;nt&#34;&gt;&amp;#34;contingents&amp;#34;&lt;/span&gt;&lt;span class=&#34;p&#34;&gt;:&lt;/span&gt; &lt;span class=&#34;p&#34;&gt;[&lt;/span&gt;
&lt;/span&gt;&lt;/span&gt;&lt;span class=&#34;line&#34;&gt;&lt;span class=&#34;cl&#34;&gt;      &lt;span class=&#34;p&#34;&gt;{&lt;/span&gt;
&lt;/span&gt;&lt;/span&gt;&lt;span class=&#34;line&#34;&gt;&lt;span class=&#34;cl&#34;&gt;        &lt;span class=&#34;nt&#34;&gt;&amp;#34;capacity&amp;#34;&lt;/span&gt;&lt;span class=&#34;p&#34;&gt;:&lt;/span&gt; &lt;span class=&#34;mi&#34;&gt;39&lt;/span&gt;&lt;span class=&#34;p&#34;&gt;,&lt;/span&gt;
&lt;/span&gt;&lt;/span&gt;&lt;span class=&#34;line&#34;&gt;&lt;span class=&#34;cl&#34;&gt;        &lt;span class=&#34;nt&#34;&gt;&amp;#34;available&amp;#34;&lt;/span&gt;&lt;span class=&#34;p&#34;&gt;:&lt;/span&gt; &lt;span class=&#34;mi&#34;&gt;38&lt;/span&gt;&lt;span class=&#34;p&#34;&gt;,&lt;/span&gt;
&lt;/span&gt;&lt;/span&gt;&lt;span class=&#34;line&#34;&gt;&lt;span class=&#34;cl&#34;&gt;        &lt;span class=&#34;nt&#34;&gt;&amp;#34;contingentType&amp;#34;&lt;/span&gt;&lt;span class=&#34;p&#34;&gt;:&lt;/span&gt; &lt;span class=&#34;s2&#34;&gt;&amp;#34;Reservation&amp;#34;&lt;/span&gt;
&lt;/span&gt;&lt;/span&gt;&lt;span class=&#34;line&#34;&gt;&lt;span class=&#34;cl&#34;&gt;      &lt;span class=&#34;p&#34;&gt;},&lt;/span&gt;
&lt;/span&gt;&lt;/span&gt;&lt;span class=&#34;line&#34;&gt;&lt;span class=&#34;cl&#34;&gt;      &lt;span class=&#34;p&#34;&gt;{&lt;/span&gt;
&lt;/span&gt;&lt;/span&gt;&lt;span class=&#34;line&#34;&gt;&lt;span class=&#34;cl&#34;&gt;        &lt;span class=&#34;nt&#34;&gt;&amp;#34;capacity&amp;#34;&lt;/span&gt;&lt;span class=&#34;p&#34;&gt;:&lt;/span&gt; &lt;span class=&#34;mi&#34;&gt;24&lt;/span&gt;&lt;span class=&#34;p&#34;&gt;,&lt;/span&gt;
&lt;/span&gt;&lt;/span&gt;&lt;span class=&#34;line&#34;&gt;&lt;span class=&#34;cl&#34;&gt;        &lt;span class=&#34;nt&#34;&gt;&amp;#34;available&amp;#34;&lt;/span&gt;&lt;span class=&#34;p&#34;&gt;:&lt;/span&gt; &lt;span class=&#34;mi&#34;&gt;24&lt;/span&gt;&lt;span class=&#34;p&#34;&gt;,&lt;/span&gt;
&lt;/span&gt;&lt;/span&gt;&lt;span class=&#34;line&#34;&gt;&lt;span class=&#34;cl&#34;&gt;        &lt;span class=&#34;nt&#34;&gt;&amp;#34;contingentType&amp;#34;&lt;/span&gt;&lt;span class=&#34;p&#34;&gt;:&lt;/span&gt; &lt;span class=&#34;s2&#34;&gt;&amp;#34;Reservation&amp;#34;&lt;/span&gt;
&lt;/span&gt;&lt;/span&gt;&lt;span class=&#34;line&#34;&gt;&lt;span class=&#34;cl&#34;&gt;      &lt;span class=&#34;p&#34;&gt;},&lt;/span&gt;
&lt;/span&gt;&lt;/span&gt;&lt;span class=&#34;line&#34;&gt;&lt;span class=&#34;cl&#34;&gt;      &lt;span class=&#34;p&#34;&gt;{&lt;/span&gt;
&lt;/span&gt;&lt;/span&gt;&lt;span class=&#34;line&#34;&gt;&lt;span class=&#34;cl&#34;&gt;        &lt;span class=&#34;nt&#34;&gt;&amp;#34;capacity&amp;#34;&lt;/span&gt;&lt;span class=&#34;p&#34;&gt;:&lt;/span&gt; &lt;span class=&#34;mi&#34;&gt;10&lt;/span&gt;&lt;span class=&#34;p&#34;&gt;,&lt;/span&gt;
&lt;/span&gt;&lt;/span&gt;&lt;span class=&#34;line&#34;&gt;&lt;span class=&#34;cl&#34;&gt;        &lt;span class=&#34;nt&#34;&gt;&amp;#34;available&amp;#34;&lt;/span&gt;&lt;span class=&#34;p&#34;&gt;:&lt;/span&gt; &lt;span class=&#34;mi&#34;&gt;10&lt;/span&gt;&lt;span class=&#34;p&#34;&gt;,&lt;/span&gt;
&lt;/span&gt;&lt;/span&gt;&lt;span class=&#34;line&#34;&gt;&lt;span class=&#34;cl&#34;&gt;        &lt;span class=&#34;nt&#34;&gt;&amp;#34;contingentType&amp;#34;&lt;/span&gt;&lt;span class=&#34;p&#34;&gt;:&lt;/span&gt; &lt;span class=&#34;s2&#34;&gt;&amp;#34;Bicycle&amp;#34;&lt;/span&gt;
&lt;/span&gt;&lt;/span&gt;&lt;span class=&#34;line&#34;&gt;&lt;span class=&#34;cl&#34;&gt;      &lt;span class=&#34;p&#34;&gt;},&lt;/span&gt;
&lt;/span&gt;&lt;/span&gt;&lt;span class=&#34;line&#34;&gt;&lt;span class=&#34;cl&#34;&gt;      &lt;span class=&#34;p&#34;&gt;{&lt;/span&gt;
&lt;/span&gt;&lt;/span&gt;&lt;span class=&#34;line&#34;&gt;&lt;span class=&#34;cl&#34;&gt;        &lt;span class=&#34;nt&#34;&gt;&amp;#34;capacity&amp;#34;&lt;/span&gt;&lt;span class=&#34;p&#34;&gt;:&lt;/span&gt; &lt;span class=&#34;mi&#34;&gt;0&lt;/span&gt;&lt;span class=&#34;p&#34;&gt;,&lt;/span&gt;
&lt;/span&gt;&lt;/span&gt;&lt;span class=&#34;line&#34;&gt;&lt;span class=&#34;cl&#34;&gt;        &lt;span class=&#34;nt&#34;&gt;&amp;#34;available&amp;#34;&lt;/span&gt;&lt;span class=&#34;p&#34;&gt;:&lt;/span&gt; &lt;span class=&#34;mi&#34;&gt;0&lt;/span&gt;&lt;span class=&#34;p&#34;&gt;,&lt;/span&gt;
&lt;/span&gt;&lt;/span&gt;&lt;span class=&#34;line&#34;&gt;&lt;span class=&#34;cl&#34;&gt;        &lt;span class=&#34;nt&#34;&gt;&amp;#34;contingentType&amp;#34;&lt;/span&gt;&lt;span class=&#34;p&#34;&gt;:&lt;/span&gt; &lt;span class=&#34;s2&#34;&gt;&amp;#34;Disabled&amp;#34;&lt;/span&gt;
&lt;/span&gt;&lt;/span&gt;&lt;span class=&#34;line&#34;&gt;&lt;span class=&#34;cl&#34;&gt;      &lt;span class=&#34;p&#34;&gt;}&lt;/span&gt;
&lt;/span&gt;&lt;/span&gt;&lt;span class=&#34;line&#34;&gt;&lt;span class=&#34;cl&#34;&gt;    &lt;span class=&#34;p&#34;&gt;],&lt;/span&gt;
&lt;/span&gt;&lt;/span&gt;&lt;span class=&#34;line&#34;&gt;&lt;span class=&#34;cl&#34;&gt;    &lt;span class=&#34;nt&#34;&gt;&amp;#34;shiftingId&amp;#34;&lt;/span&gt;&lt;span class=&#34;p&#34;&gt;:&lt;/span&gt; &lt;span class=&#34;s2&#34;&gt;&amp;#34;29160129-c223-4022-b186-fba25b085377&amp;#34;&lt;/span&gt;
&lt;/span&gt;&lt;/span&gt;&lt;span class=&#34;line&#34;&gt;&lt;span class=&#34;cl&#34;&gt;  &lt;span class=&#34;p&#34;&gt;}&lt;/span&gt;
&lt;/span&gt;&lt;/span&gt;&lt;span class=&#34;line&#34;&gt;&lt;span class=&#34;cl&#34;&gt;&lt;span class=&#34;p&#34;&gt;]&lt;/span&gt;&lt;/span&gt;&lt;/span&gt;&lt;/code&gt;&lt;/pre&gt;&lt;/div&gt;&lt;/div&gt;&lt;div class=&#34;opacity-0 transition group-hover/code:opacity-100 flex gap-1 absolute m-[11px] right-0 top-0&#34;&gt;
    &lt;button
      class=&#34;code-copy-btn group/copybtn transition-all active:opacity-50 bg-primary-700/5 border border-black/5 text-gray-600 hover:text-gray-900 rounded-md p-1.5 dark:bg-primary-300/10 dark:border-white/10 dark:text-gray-400 dark:hover:text-gray-50&#34;
      title=&#34;Zkopírovat kód&#34;
    &gt;
      &lt;div class=&#34;group-[.copied]/copybtn:hidden copy-icon pointer-events-none h-4 w-4&#34;&gt;&lt;/div&gt;
      &lt;div class=&#34;hidden group-[.copied]/copybtn:block success-icon pointer-events-none h-4 w-4&#34;&gt;&lt;/div&gt;
    &lt;/button&gt;
  &lt;/div&gt;
&lt;/div&gt;
&lt;p&gt;Data jsou zkrácena. Důležité informace jsou v sekci &lt;strong&gt;contingens&lt;/strong&gt;, které popisují, jaké typy rezervací vůz nabízí (místenka, zvíře, kolo, invalidé&amp;hellip;).&lt;/p&gt;
&lt;p&gt;Ve struktuře &lt;strong&gt;seatMap&lt;/strong&gt; je popsán vůz včetně souřadnic jednotlivých pasivních prvků (stolek, ulička&amp;hellip;) a především sedadel. Zde je důležitá vlastnost &lt;em&gt;availability&lt;/em&gt;, která popisuje, je-li možné sedadlo obsadit.&lt;/p&gt;
&lt;p&gt;Voláním  &lt;code&gt;/v1/Reservation/ChangeReservation&lt;/code&gt; s parametry&lt;/p&gt;
&lt;div class=&#34;code-block relative mt-6 first:mt-0 group/code&#34;&gt;&lt;div&gt;&lt;div class=&#34;highlight&#34;&gt;&lt;pre tabindex=&#34;0&#34; class=&#34;chroma&#34;&gt;&lt;code class=&#34;language-json&#34; data-lang=&#34;json&#34;&gt;&lt;span class=&#34;line&#34;&gt;&lt;span class=&#34;cl&#34;&gt;&lt;span class=&#34;p&#34;&gt;{&lt;/span&gt;
&lt;/span&gt;&lt;/span&gt;&lt;span class=&#34;line&#34;&gt;&lt;span class=&#34;cl&#34;&gt;  &lt;span class=&#34;nt&#34;&gt;&amp;#34;reservationExternalId&amp;#34;&lt;/span&gt;&lt;span class=&#34;p&#34;&gt;:&lt;/span&gt; &lt;span class=&#34;s2&#34;&gt;&amp;#34;193d04af-9dc8-4767-ad6f-9115886a85e6&amp;#34;&lt;/span&gt;&lt;span class=&#34;p&#34;&gt;,&lt;/span&gt;
&lt;/span&gt;&lt;/span&gt;&lt;span class=&#34;line&#34;&gt;&lt;span class=&#34;cl&#34;&gt;  &lt;span class=&#34;nt&#34;&gt;&amp;#34;seatExternalId&amp;#34;&lt;/span&gt;&lt;span class=&#34;p&#34;&gt;:&lt;/span&gt; &lt;span class=&#34;s2&#34;&gt;&amp;#34;766cc612-0185-4ca5-9613-031d74d13fe0&amp;#34;&lt;/span&gt;&lt;span class=&#34;p&#34;&gt;,&lt;/span&gt;
&lt;/span&gt;&lt;/span&gt;&lt;span class=&#34;line&#34;&gt;&lt;span class=&#34;cl&#34;&gt;  &lt;span class=&#34;nt&#34;&gt;&amp;#34;shiftingExternalId&amp;#34;&lt;/span&gt;&lt;span class=&#34;p&#34;&gt;:&lt;/span&gt; &lt;span class=&#34;s2&#34;&gt;&amp;#34;29160129-c223-4022-b186-fba25b085377&amp;#34;&lt;/span&gt;
&lt;/span&gt;&lt;/span&gt;&lt;span class=&#34;line&#34;&gt;&lt;span class=&#34;cl&#34;&gt;&lt;span class=&#34;p&#34;&gt;}&lt;/span&gt;&lt;/span&gt;&lt;/span&gt;&lt;/code&gt;&lt;/pre&gt;&lt;/div&gt;&lt;/div&gt;&lt;div class=&#34;opacity-0 transition group-hover/code:opacity-100 flex gap-1 absolute m-[11px] right-0 top-0&#34;&gt;
    &lt;button
      class=&#34;code-copy-btn group/copybtn transition-all active:opacity-50 bg-primary-700/5 border border-black/5 text-gray-600 hover:text-gray-900 rounded-md p-1.5 dark:bg-primary-300/10 dark:border-white/10 dark:text-gray-400 dark:hover:text-gray-50&#34;
      title=&#34;Zkopírovat kód&#34;
    &gt;
      &lt;div class=&#34;group-[.copied]/copybtn:hidden copy-icon pointer-events-none h-4 w-4&#34;&gt;&lt;/div&gt;
      &lt;div class=&#34;hidden group-[.copied]/copybtn:block success-icon pointer-events-none h-4 w-4&#34;&gt;&lt;/div&gt;
    &lt;/button&gt;
  &lt;/div&gt;
&lt;/div&gt;
&lt;p&gt;kde &lt;strong&gt;reservationExternalId&lt;/strong&gt; je Id rezervace, &lt;strong&gt;seatExternalId&lt;/strong&gt; je Id požadovaného sedadla a &lt;strong&gt;shiftingExternalId&lt;/strong&gt; je identifikátor vozu a jeho řazení, lze změnit místo přiřazené rezervaci. Lze měnit místa pouze u rezervací ve stavu Temporary, po potvrzení je již rezervace neměnná.&lt;/p&gt;
&lt;p&gt;Funkce vrací &lt;strong&gt;novou rezervaci&lt;/strong&gt;. Původní rezervace je automaticky uvolněna, ale je odpovědnosti klienta, aby identifikátor rezervace změnil na nově vrácený identifikátor. Při ukončení nákupu je třeba zavolat ConfirmReservations s tímto novým Id!&lt;/p&gt;
&lt;div class=&#34;code-block relative mt-6 first:mt-0 group/code&#34;&gt;&lt;div&gt;&lt;div class=&#34;highlight&#34;&gt;&lt;pre tabindex=&#34;0&#34; class=&#34;chroma&#34;&gt;&lt;code class=&#34;language-json&#34; data-lang=&#34;json&#34;&gt;&lt;span class=&#34;line&#34;&gt;&lt;span class=&#34;cl&#34;&gt;&lt;span class=&#34;p&#34;&gt;[&lt;/span&gt;
&lt;/span&gt;&lt;/span&gt;&lt;span class=&#34;line&#34;&gt;&lt;span class=&#34;cl&#34;&gt;  &lt;span class=&#34;p&#34;&gt;{&lt;/span&gt;
&lt;/span&gt;&lt;/span&gt;&lt;span class=&#34;line&#34;&gt;&lt;span class=&#34;cl&#34;&gt;    &lt;span class=&#34;nt&#34;&gt;&amp;#34;seat&amp;#34;&lt;/span&gt;&lt;span class=&#34;p&#34;&gt;:&lt;/span&gt; &lt;span class=&#34;p&#34;&gt;{&lt;/span&gt;
&lt;/span&gt;&lt;/span&gt;&lt;span class=&#34;line&#34;&gt;&lt;span class=&#34;cl&#34;&gt;      &lt;span class=&#34;nt&#34;&gt;&amp;#34;isAvailable&amp;#34;&lt;/span&gt;&lt;span class=&#34;p&#34;&gt;:&lt;/span&gt; &lt;span class=&#34;kc&#34;&gt;false&lt;/span&gt;&lt;span class=&#34;p&#34;&gt;,&lt;/span&gt;
&lt;/span&gt;&lt;/span&gt;&lt;span class=&#34;line&#34;&gt;&lt;span class=&#34;cl&#34;&gt;      &lt;span class=&#34;nt&#34;&gt;&amp;#34;seatAttributes&amp;#34;&lt;/span&gt;&lt;span class=&#34;p&#34;&gt;:&lt;/span&gt; &lt;span class=&#34;p&#34;&gt;[],&lt;/span&gt;
&lt;/span&gt;&lt;/span&gt;&lt;span class=&#34;line&#34;&gt;&lt;span class=&#34;cl&#34;&gt;      &lt;span class=&#34;nt&#34;&gt;&amp;#34;isEnabled&amp;#34;&lt;/span&gt;&lt;span class=&#34;p&#34;&gt;:&lt;/span&gt; &lt;span class=&#34;kc&#34;&gt;false&lt;/span&gt;&lt;span class=&#34;p&#34;&gt;,&lt;/span&gt;
&lt;/span&gt;&lt;/span&gt;&lt;span class=&#34;line&#34;&gt;&lt;span class=&#34;cl&#34;&gt;      &lt;span class=&#34;nt&#34;&gt;&amp;#34;description&amp;#34;&lt;/span&gt;&lt;span class=&#34;p&#34;&gt;:&lt;/span&gt; &lt;span class=&#34;s2&#34;&gt;&amp;#34;15&amp;#34;&lt;/span&gt;&lt;span class=&#34;p&#34;&gt;,&lt;/span&gt;
&lt;/span&gt;&lt;/span&gt;&lt;span class=&#34;line&#34;&gt;&lt;span class=&#34;cl&#34;&gt;      &lt;span class=&#34;nt&#34;&gt;&amp;#34;orientation&amp;#34;&lt;/span&gt;&lt;span class=&#34;p&#34;&gt;:&lt;/span&gt; &lt;span class=&#34;s2&#34;&gt;&amp;#34;Backward&amp;#34;&lt;/span&gt;&lt;span class=&#34;p&#34;&gt;,&lt;/span&gt;
&lt;/span&gt;&lt;/span&gt;&lt;span class=&#34;line&#34;&gt;&lt;span class=&#34;cl&#34;&gt;      &lt;span class=&#34;nt&#34;&gt;&amp;#34;coordX&amp;#34;&lt;/span&gt;&lt;span class=&#34;p&#34;&gt;:&lt;/span&gt; &lt;span class=&#34;mi&#34;&gt;4&lt;/span&gt;&lt;span class=&#34;p&#34;&gt;,&lt;/span&gt;
&lt;/span&gt;&lt;/span&gt;&lt;span class=&#34;line&#34;&gt;&lt;span class=&#34;cl&#34;&gt;      &lt;span class=&#34;nt&#34;&gt;&amp;#34;coordY&amp;#34;&lt;/span&gt;&lt;span class=&#34;p&#34;&gt;:&lt;/span&gt; &lt;span class=&#34;mi&#34;&gt;4&lt;/span&gt;&lt;span class=&#34;p&#34;&gt;,&lt;/span&gt;
&lt;/span&gt;&lt;/span&gt;&lt;span class=&#34;line&#34;&gt;&lt;span class=&#34;cl&#34;&gt;      &lt;span class=&#34;nt&#34;&gt;&amp;#34;floor&amp;#34;&lt;/span&gt;&lt;span class=&#34;p&#34;&gt;:&lt;/span&gt; &lt;span class=&#34;mi&#34;&gt;1&lt;/span&gt;&lt;span class=&#34;p&#34;&gt;,&lt;/span&gt;
&lt;/span&gt;&lt;/span&gt;&lt;span class=&#34;line&#34;&gt;&lt;span class=&#34;cl&#34;&gt;      &lt;span class=&#34;nt&#34;&gt;&amp;#34;vehicle&amp;#34;&lt;/span&gt;&lt;span class=&#34;p&#34;&gt;:&lt;/span&gt; &lt;span class=&#34;p&#34;&gt;{&lt;/span&gt;
&lt;/span&gt;&lt;/span&gt;&lt;span class=&#34;line&#34;&gt;&lt;span class=&#34;cl&#34;&gt;        &lt;span class=&#34;nt&#34;&gt;&amp;#34;model&amp;#34;&lt;/span&gt;&lt;span class=&#34;p&#34;&gt;:&lt;/span&gt; &lt;span class=&#34;s2&#34;&gt;&amp;#34;845.P&amp;#34;&lt;/span&gt;&lt;span class=&#34;p&#34;&gt;,&lt;/span&gt;
&lt;/span&gt;&lt;/span&gt;&lt;span class=&#34;line&#34;&gt;&lt;span class=&#34;cl&#34;&gt;        &lt;span class=&#34;nt&#34;&gt;&amp;#34;sequence&amp;#34;&lt;/span&gt;&lt;span class=&#34;p&#34;&gt;:&lt;/span&gt; &lt;span class=&#34;mi&#34;&gt;1&lt;/span&gt;&lt;span class=&#34;p&#34;&gt;,&lt;/span&gt;
&lt;/span&gt;&lt;/span&gt;&lt;span class=&#34;line&#34;&gt;&lt;span class=&#34;cl&#34;&gt;        &lt;span class=&#34;nt&#34;&gt;&amp;#34;description&amp;#34;&lt;/span&gt;&lt;span class=&#34;p&#34;&gt;:&lt;/span&gt; &lt;span class=&#34;s2&#34;&gt;&amp;#34;1&amp;#34;&lt;/span&gt;&lt;span class=&#34;p&#34;&gt;,&lt;/span&gt;
&lt;/span&gt;&lt;/span&gt;&lt;span class=&#34;line&#34;&gt;&lt;span class=&#34;cl&#34;&gt;        &lt;span class=&#34;nt&#34;&gt;&amp;#34;vehicleAttributes&amp;#34;&lt;/span&gt;&lt;span class=&#34;p&#34;&gt;:&lt;/span&gt; &lt;span class=&#34;p&#34;&gt;[],&lt;/span&gt;
&lt;/span&gt;&lt;/span&gt;&lt;span class=&#34;line&#34;&gt;&lt;span class=&#34;cl&#34;&gt;        &lt;span class=&#34;nt&#34;&gt;&amp;#34;seatMap&amp;#34;&lt;/span&gt;&lt;span class=&#34;p&#34;&gt;:&lt;/span&gt; &lt;span class=&#34;p&#34;&gt;[],&lt;/span&gt;
&lt;/span&gt;&lt;/span&gt;&lt;span class=&#34;line&#34;&gt;&lt;span class=&#34;cl&#34;&gt;        &lt;span class=&#34;nt&#34;&gt;&amp;#34;contingents&amp;#34;&lt;/span&gt;&lt;span class=&#34;p&#34;&gt;:&lt;/span&gt; &lt;span class=&#34;p&#34;&gt;[],&lt;/span&gt;
&lt;/span&gt;&lt;/span&gt;&lt;span class=&#34;line&#34;&gt;&lt;span class=&#34;cl&#34;&gt;        &lt;span class=&#34;nt&#34;&gt;&amp;#34;shiftingId&amp;#34;&lt;/span&gt;&lt;span class=&#34;p&#34;&gt;:&lt;/span&gt; &lt;span class=&#34;s2&#34;&gt;&amp;#34;29160129-c223-4022-b186-fba25b085377&amp;#34;&lt;/span&gt;
&lt;/span&gt;&lt;/span&gt;&lt;span class=&#34;line&#34;&gt;&lt;span class=&#34;cl&#34;&gt;      &lt;span class=&#34;p&#34;&gt;}&lt;/span&gt;
&lt;/span&gt;&lt;/span&gt;&lt;span class=&#34;line&#34;&gt;&lt;span class=&#34;cl&#34;&gt;    &lt;span class=&#34;p&#34;&gt;},&lt;/span&gt;
&lt;/span&gt;&lt;/span&gt;&lt;span class=&#34;line&#34;&gt;&lt;span class=&#34;cl&#34;&gt;    &lt;span class=&#34;nt&#34;&gt;&amp;#34;externalId&amp;#34;&lt;/span&gt;&lt;span class=&#34;p&#34;&gt;:&lt;/span&gt; &lt;span class=&#34;s2&#34;&gt;&amp;#34;e3e7abb2-15b1-4b75-bd9e-215eb8d49350&amp;#34;&lt;/span&gt;&lt;span class=&#34;p&#34;&gt;,&lt;/span&gt;
&lt;/span&gt;&lt;/span&gt;&lt;span class=&#34;line&#34;&gt;&lt;span class=&#34;cl&#34;&gt;    &lt;span class=&#34;nt&#34;&gt;&amp;#34;traceFromId&amp;#34;&lt;/span&gt;&lt;span class=&#34;p&#34;&gt;:&lt;/span&gt; &lt;span class=&#34;mi&#34;&gt;1453&lt;/span&gt;&lt;span class=&#34;p&#34;&gt;,&lt;/span&gt;
&lt;/span&gt;&lt;/span&gt;&lt;span class=&#34;line&#34;&gt;&lt;span class=&#34;cl&#34;&gt;    &lt;span class=&#34;nt&#34;&gt;&amp;#34;traceFromName&amp;#34;&lt;/span&gt;&lt;span class=&#34;p&#34;&gt;:&lt;/span&gt; &lt;span class=&#34;s2&#34;&gt;&amp;#34;Liberec&amp;#34;&lt;/span&gt;&lt;span class=&#34;p&#34;&gt;,&lt;/span&gt;
&lt;/span&gt;&lt;/span&gt;&lt;span class=&#34;line&#34;&gt;&lt;span class=&#34;cl&#34;&gt;    &lt;span class=&#34;nt&#34;&gt;&amp;#34;traceToId&amp;#34;&lt;/span&gt;&lt;span class=&#34;p&#34;&gt;:&lt;/span&gt; &lt;span class=&#34;mi&#34;&gt;2187&lt;/span&gt;&lt;span class=&#34;p&#34;&gt;,&lt;/span&gt;
&lt;/span&gt;&lt;/span&gt;&lt;span class=&#34;line&#34;&gt;&lt;span class=&#34;cl&#34;&gt;    &lt;span class=&#34;nt&#34;&gt;&amp;#34;traceFromSequence&amp;#34;&lt;/span&gt;&lt;span class=&#34;p&#34;&gt;:&lt;/span&gt; &lt;span class=&#34;mi&#34;&gt;1&lt;/span&gt;&lt;span class=&#34;p&#34;&gt;,&lt;/span&gt;
&lt;/span&gt;&lt;/span&gt;&lt;span class=&#34;line&#34;&gt;&lt;span class=&#34;cl&#34;&gt;    &lt;span class=&#34;nt&#34;&gt;&amp;#34;traceToName&amp;#34;&lt;/span&gt;&lt;span class=&#34;p&#34;&gt;:&lt;/span&gt; &lt;span class=&#34;s2&#34;&gt;&amp;#34;Česká Lípa hl.n.&amp;#34;&lt;/span&gt;&lt;span class=&#34;p&#34;&gt;,&lt;/span&gt;
&lt;/span&gt;&lt;/span&gt;&lt;span class=&#34;line&#34;&gt;&lt;span class=&#34;cl&#34;&gt;    &lt;span class=&#34;nt&#34;&gt;&amp;#34;traceToSequence&amp;#34;&lt;/span&gt;&lt;span class=&#34;p&#34;&gt;:&lt;/span&gt; &lt;span class=&#34;mi&#34;&gt;4&lt;/span&gt;&lt;span class=&#34;p&#34;&gt;,&lt;/span&gt;
&lt;/span&gt;&lt;/span&gt;&lt;span class=&#34;line&#34;&gt;&lt;span class=&#34;cl&#34;&gt;    &lt;span class=&#34;nt&#34;&gt;&amp;#34;expiresAt&amp;#34;&lt;/span&gt;&lt;span class=&#34;p&#34;&gt;:&lt;/span&gt; &lt;span class=&#34;s2&#34;&gt;&amp;#34;2024-01-10T21:00:00&amp;#34;&lt;/span&gt;&lt;span class=&#34;p&#34;&gt;,&lt;/span&gt;
&lt;/span&gt;&lt;/span&gt;&lt;span class=&#34;line&#34;&gt;&lt;span class=&#34;cl&#34;&gt;    &lt;span class=&#34;nt&#34;&gt;&amp;#34;date&amp;#34;&lt;/span&gt;&lt;span class=&#34;p&#34;&gt;:&lt;/span&gt; &lt;span class=&#34;s2&#34;&gt;&amp;#34;2023-12-05T00:00:00&amp;#34;&lt;/span&gt;&lt;span class=&#34;p&#34;&gt;,&lt;/span&gt;
&lt;/span&gt;&lt;/span&gt;&lt;span class=&#34;line&#34;&gt;&lt;span class=&#34;cl&#34;&gt;    &lt;span class=&#34;nt&#34;&gt;&amp;#34;lineNumber&amp;#34;&lt;/span&gt;&lt;span class=&#34;p&#34;&gt;:&lt;/span&gt; &lt;span class=&#34;s2&#34;&gt;&amp;#34;R1322&amp;#34;&lt;/span&gt;&lt;span class=&#34;p&#34;&gt;,&lt;/span&gt;
&lt;/span&gt;&lt;/span&gt;&lt;span class=&#34;line&#34;&gt;&lt;span class=&#34;cl&#34;&gt;    &lt;span class=&#34;nt&#34;&gt;&amp;#34;routeName&amp;#34;&lt;/span&gt;&lt;span class=&#34;p&#34;&gt;:&lt;/span&gt; &lt;span class=&#34;s2&#34;&gt;&amp;#34;R14B&amp;#34;&lt;/span&gt;&lt;span class=&#34;p&#34;&gt;,&lt;/span&gt;
&lt;/span&gt;&lt;/span&gt;&lt;span class=&#34;line&#34;&gt;&lt;span class=&#34;cl&#34;&gt;    &lt;span class=&#34;nt&#34;&gt;&amp;#34;reservationStatus&amp;#34;&lt;/span&gt;&lt;span class=&#34;p&#34;&gt;:&lt;/span&gt; &lt;span class=&#34;s2&#34;&gt;&amp;#34;Temporary&amp;#34;&lt;/span&gt;&lt;span class=&#34;p&#34;&gt;,&lt;/span&gt;
&lt;/span&gt;&lt;/span&gt;&lt;span class=&#34;line&#34;&gt;&lt;span class=&#34;cl&#34;&gt;    &lt;span class=&#34;nt&#34;&gt;&amp;#34;vehicleOrder&amp;#34;&lt;/span&gt;&lt;span class=&#34;p&#34;&gt;:&lt;/span&gt; &lt;span class=&#34;mi&#34;&gt;1&lt;/span&gt;&lt;span class=&#34;p&#34;&gt;,&lt;/span&gt;
&lt;/span&gt;&lt;/span&gt;&lt;span class=&#34;line&#34;&gt;&lt;span class=&#34;cl&#34;&gt;    &lt;span class=&#34;nt&#34;&gt;&amp;#34;reservationType&amp;#34;&lt;/span&gt;&lt;span class=&#34;p&#34;&gt;:&lt;/span&gt; &lt;span class=&#34;s2&#34;&gt;&amp;#34;Reservation&amp;#34;&lt;/span&gt;
&lt;/span&gt;&lt;/span&gt;&lt;span class=&#34;line&#34;&gt;&lt;span class=&#34;cl&#34;&gt;  &lt;span class=&#34;p&#34;&gt;}&lt;/span&gt;
&lt;/span&gt;&lt;/span&gt;&lt;span class=&#34;line&#34;&gt;&lt;span class=&#34;cl&#34;&gt;&lt;span class=&#34;p&#34;&gt;]&lt;/span&gt;&lt;/span&gt;&lt;/span&gt;&lt;/code&gt;&lt;/pre&gt;&lt;/div&gt;&lt;/div&gt;&lt;div class=&#34;opacity-0 transition group-hover/code:opacity-100 flex gap-1 absolute m-[11px] right-0 top-0&#34;&gt;
    &lt;button
      class=&#34;code-copy-btn group/copybtn transition-all active:opacity-50 bg-primary-700/5 border border-black/5 text-gray-600 hover:text-gray-900 rounded-md p-1.5 dark:bg-primary-300/10 dark:border-white/10 dark:text-gray-400 dark:hover:text-gray-50&#34;
      title=&#34;Zkopírovat kód&#34;
    &gt;
      &lt;div class=&#34;group-[.copied]/copybtn:hidden copy-icon pointer-events-none h-4 w-4&#34;&gt;&lt;/div&gt;
      &lt;div class=&#34;hidden group-[.copied]/copybtn:block success-icon pointer-events-none h-4 w-4&#34;&gt;&lt;/div&gt;
    &lt;/button&gt;
  &lt;/div&gt;
&lt;/div&gt;

      </description>
    </item>
    
  </channel>
</rss>
