<rss version="2.0" xmlns:atom="http://www.w3.org/2005/Atom">
  <channel>
    <title>ArrivAPI – API</title>
    <link>https://beta-api.arriva.cz/docs/public/docs/api/</link>
    <description>Recent content in API on ArrivAPI</description>
    <generator>Hugo -- gohugo.io</generator>
    <language>en</language>
    
	  <atom:link href="https://beta-api.arriva.cz/docs/public/docs/api/index.xml" rel="self" type="application/rss+xml" />
    
    
      
        
      
    
    
    <item>
      <title>Reservation system</title>
      <link>https://beta-api.arriva.cz/docs/public/docs/api/start/</link>
      <pubDate>Mon, 01 Jan 0001 00:00:00 +0000</pubDate>
      
      <guid>https://beta-api.arriva.cz/docs/public/docs/api/start/</guid>
      <description>
        
        
        &lt;h2&gt;Seating Structure&lt;span class=&#34;absolute -mt-20&#34; id=&#34;seating-structure&#34;&gt;&lt;/span&gt;
    &lt;a href=&#34;#seating-structure&#34; class=&#34;subheading-anchor&#34; aria-label=&#34;Permalink for this section&#34;&gt;&lt;/a&gt;&lt;/h2&gt;&lt;p&gt;Each train consists of one to n vehicles. Vehicles contain contingents, which are abstract blocks of seats or other elements. The type of contingent determines whether it is a mandatory reservation section or a capacity section. Capacity is used for limited resources such as animals, bicycles, etc., which can only be sold in a limited quantity within the vehicles but do not have specific seats.&lt;/p&gt;
&lt;p&gt;The vehicles are then identified by their order in the train and description.&lt;/p&gt;
&lt;h2&gt;Seat Reservation&lt;span class=&#34;absolute -mt-20&#34; id=&#34;seat-reservation&#34;&gt;&lt;/span&gt;
    &lt;a href=&#34;#seat-reservation&#34; class=&#34;subheading-anchor&#34; aria-label=&#34;Permalink for this section&#34;&gt;&lt;/a&gt;&lt;/h2&gt;&lt;h3&gt;Obtaining Input Data&lt;span class=&#34;absolute -mt-20&#34; id=&#34;obtaining-input-data&#34;&gt;&lt;/span&gt;
    &lt;a href=&#34;#obtaining-input-data&#34; class=&#34;subheading-anchor&#34; aria-label=&#34;Permalink for this section&#34;&gt;&lt;/a&gt;&lt;/h3&gt;&lt;p&gt;To successfully reserve a seat, you need to know the route, departure and arrival stations, and the travel date. For stations, we will use a list provided by the call &lt;code&gt;/v1/Constants/GetAllPlaces&lt;/code&gt;. The station list is comprehensive and should be saved locally to avoid excessive communication. Based on the directory, we assign specific identifiers to departure and arrival stations. Now, we call &lt;code&gt;/v1/Route/ExtSearch&lt;/code&gt; to retrieve the line number or the line numbers in the case of transfers.&lt;/p&gt;
&lt;p&gt;Let&amp;rsquo;s say we want to travel on December 5, 2023, at 16:00 from Liberec to Turnov. Liberec has ID=1453, and Turnov has ID=1482. The search will return the line &amp;ldquo;R 1073,&amp;rdquo; where 1073 is the line number.&lt;/p&gt;
&lt;h2&gt;Checking Available Capacity&lt;span class=&#34;absolute -mt-20&#34; id=&#34;checking-available-capacity&#34;&gt;&lt;/span&gt;
    &lt;a href=&#34;#checking-available-capacity&#34; class=&#34;subheading-anchor&#34; aria-label=&#34;Permalink for this section&#34;&gt;&lt;/a&gt;&lt;/h2&gt;&lt;p&gt;At this point, we need to determine if the selected train has available capacity. To do this, we call &lt;code&gt;/v1/Reservation/ExtGetFreeSeatsCount&lt;/code&gt; with the following parameters:&lt;/p&gt;
&lt;div class=&#34;code-block relative mt-6 first:mt-0 group/code&#34;&gt;&lt;div&gt;&lt;div class=&#34;highlight&#34;&gt;&lt;pre tabindex=&#34;0&#34; class=&#34;chroma&#34;&gt;&lt;code class=&#34;language-json&#34; data-lang=&#34;json&#34;&gt;&lt;span class=&#34;line&#34;&gt;&lt;span class=&#34;cl&#34;&gt;&lt;span class=&#34;p&#34;&gt;{&lt;/span&gt;
&lt;/span&gt;&lt;/span&gt;&lt;span class=&#34;line&#34;&gt;&lt;span class=&#34;cl&#34;&gt;  &lt;span class=&#34;nt&#34;&gt;&amp;#34;lineNumber&amp;#34;&lt;/span&gt;&lt;span class=&#34;p&#34;&gt;:&lt;/span&gt; &lt;span class=&#34;s2&#34;&gt;&amp;#34;1073&amp;#34;&lt;/span&gt;&lt;span class=&#34;p&#34;&gt;,&lt;/span&gt;
&lt;/span&gt;&lt;/span&gt;&lt;span class=&#34;line&#34;&gt;&lt;span class=&#34;cl&#34;&gt;  &lt;span class=&#34;nt&#34;&gt;&amp;#34;date&amp;#34;&lt;/span&gt;&lt;span class=&#34;p&#34;&gt;:&lt;/span&gt; &lt;span class=&#34;s2&#34;&gt;&amp;#34;2023-12-05T14:53:20.780Z&amp;#34;&lt;/span&gt;&lt;span class=&#34;p&#34;&gt;,&lt;/span&gt;
&lt;/span&gt;&lt;/span&gt;&lt;span class=&#34;line&#34;&gt;&lt;span class=&#34;cl&#34;&gt;  &lt;span class=&#34;nt&#34;&gt;&amp;#34;traceStationFromId&amp;#34;&lt;/span&gt;&lt;span class=&#34;p&#34;&gt;:&lt;/span&gt; &lt;span class=&#34;mi&#34;&gt;1453&lt;/span&gt;&lt;span class=&#34;p&#34;&gt;,&lt;/span&gt;
&lt;/span&gt;&lt;/span&gt;&lt;span class=&#34;line&#34;&gt;&lt;span class=&#34;cl&#34;&gt;  &lt;span class=&#34;nt&#34;&gt;&amp;#34;traceStationToId&amp;#34;&lt;/span&gt;&lt;span class=&#34;p&#34;&gt;:&lt;/span&gt; &lt;span class=&#34;mi&#34;&gt;1482&lt;/span&gt;
&lt;/span&gt;&lt;/span&gt;&lt;span class=&#34;line&#34;&gt;&lt;span class=&#34;cl&#34;&gt;&lt;span class=&#34;p&#34;&gt;}&lt;/span&gt;&lt;/span&gt;&lt;/span&gt;&lt;/code&gt;&lt;/pre&gt;&lt;/div&gt;&lt;/div&gt;&lt;div class=&#34;opacity-0 transition group-hover/code:opacity-100 flex gap-1 absolute m-[11px] right-0 top-0&#34;&gt;
    &lt;button
      class=&#34;code-copy-btn group/copybtn transition-all active:opacity-50 bg-primary-700/5 border border-black/5 text-gray-600 hover:text-gray-900 rounded-md p-1.5 dark:bg-primary-300/10 dark:border-white/10 dark:text-gray-400 dark:hover:text-gray-50&#34;
      title=&#34;Copy code&#34;
    &gt;
      &lt;div class=&#34;group-[.copied]/copybtn:hidden copy-icon pointer-events-none h-4 w-4&#34;&gt;&lt;/div&gt;
      &lt;div class=&#34;hidden group-[.copied]/copybtn:block success-icon pointer-events-none h-4 w-4&#34;&gt;&lt;/div&gt;
    &lt;/button&gt;
  &lt;/div&gt;
&lt;/div&gt;
&lt;p&gt;The result will be approximately as follows:&lt;/p&gt;
&lt;div class=&#34;code-block relative mt-6 first:mt-0 group/code&#34;&gt;&lt;div&gt;&lt;div class=&#34;highlight&#34;&gt;&lt;pre tabindex=&#34;0&#34; class=&#34;chroma&#34;&gt;&lt;code class=&#34;language-json&#34; data-lang=&#34;json&#34;&gt;&lt;span class=&#34;line&#34;&gt;&lt;span class=&#34;cl&#34;&gt;&lt;span class=&#34;p&#34;&gt;[&lt;/span&gt;
&lt;/span&gt;&lt;/span&gt;&lt;span class=&#34;line&#34;&gt;&lt;span class=&#34;cl&#34;&gt;  &lt;span class=&#34;p&#34;&gt;{&lt;/span&gt;
&lt;/span&gt;&lt;/span&gt;&lt;span class=&#34;line&#34;&gt;&lt;span class=&#34;cl&#34;&gt;    &lt;span class=&#34;nt&#34;&gt;&amp;#34;contingentTypeId&amp;#34;&lt;/span&gt;&lt;span class=&#34;p&#34;&gt;:&lt;/span&gt; &lt;span class=&#34;mi&#34;&gt;1&lt;/span&gt;&lt;span class=&#34;p&#34;&gt;,&lt;/span&gt;
&lt;/span&gt;&lt;/span&gt;&lt;span class=&#34;line&#34;&gt;&lt;span class=&#34;cl&#34;&gt;    &lt;span class=&#34;nt&#34;&gt;&amp;#34;capacityResult&amp;#34;&lt;/span&gt;&lt;span class=&#34;p&#34;&gt;:&lt;/span&gt; &lt;span class=&#34;p&#34;&gt;{&lt;/span&gt;
&lt;/span&gt;&lt;/span&gt;&lt;span class=&#34;line&#34;&gt;&lt;span class=&#34;cl&#34;&gt;      &lt;span class=&#34;nt&#34;&gt;&amp;#34;capacity&amp;#34;&lt;/span&gt;&lt;span class=&#34;p&#34;&gt;:&lt;/span&gt; &lt;span class=&#34;mi&#34;&gt;63&lt;/span&gt;&lt;span class=&#34;p&#34;&gt;,&lt;/span&gt;
&lt;/span&gt;&lt;/span&gt;&lt;span class=&#34;line&#34;&gt;&lt;span class=&#34;cl&#34;&gt;      &lt;span class=&#34;nt&#34;&gt;&amp;#34;available&amp;#34;&lt;/span&gt;&lt;span class=&#34;p&#34;&gt;:&lt;/span&gt; &lt;span class=&#34;mi&#34;&gt;54&lt;/span&gt;
&lt;/span&gt;&lt;/span&gt;&lt;span class=&#34;line&#34;&gt;&lt;span class=&#34;cl&#34;&gt;    &lt;span class=&#34;p&#34;&gt;}&lt;/span&gt;
&lt;/span&gt;&lt;/span&gt;&lt;span class=&#34;line&#34;&gt;&lt;span class=&#34;cl&#34;&gt;  &lt;span class=&#34;p&#34;&gt;}&lt;/span&gt;
&lt;/span&gt;&lt;/span&gt;&lt;span class=&#34;line&#34;&gt;&lt;span class=&#34;cl&#34;&gt;&lt;span class=&#34;p&#34;&gt;]&lt;/span&gt;&lt;/span&gt;&lt;/span&gt;&lt;/code&gt;&lt;/pre&gt;&lt;/div&gt;&lt;/div&gt;&lt;div class=&#34;opacity-0 transition group-hover/code:opacity-100 flex gap-1 absolute m-[11px] right-0 top-0&#34;&gt;
    &lt;button
      class=&#34;code-copy-btn group/copybtn transition-all active:opacity-50 bg-primary-700/5 border border-black/5 text-gray-600 hover:text-gray-900 rounded-md p-1.5 dark:bg-primary-300/10 dark:border-white/10 dark:text-gray-400 dark:hover:text-gray-50&#34;
      title=&#34;Copy code&#34;
    &gt;
      &lt;div class=&#34;group-[.copied]/copybtn:hidden copy-icon pointer-events-none h-4 w-4&#34;&gt;&lt;/div&gt;
      &lt;div class=&#34;hidden group-[.copied]/copybtn:block success-icon pointer-events-none h-4 w-4&#34;&gt;&lt;/div&gt;
    &lt;/button&gt;
  &lt;/div&gt;
&lt;/div&gt;
&lt;p&gt;This means that this train has one contingent of type 1, which corresponds to a mandatory reservation car. Its total capacity is 63 seats, and there are 54 seats available.&lt;/p&gt;
&lt;h2&gt;Seat Reservation&lt;span class=&#34;absolute -mt-20&#34; id=&#34;seat-reservation-1&#34;&gt;&lt;/span&gt;
    &lt;a href=&#34;#seat-reservation-1&#34; class=&#34;subheading-anchor&#34; aria-label=&#34;Permalink for this section&#34;&gt;&lt;/a&gt;&lt;/h2&gt;&lt;p&gt;Suppose we need one seat; we will call &lt;code&gt;/v1/Reservation/ExtMakeReservations&lt;/code&gt; with parameters:&lt;/p&gt;
&lt;div class=&#34;code-block relative mt-6 first:mt-0 group/code&#34;&gt;&lt;div&gt;&lt;div class=&#34;highlight&#34;&gt;&lt;pre tabindex=&#34;0&#34; class=&#34;chroma&#34;&gt;&lt;code class=&#34;language-json&#34; data-lang=&#34;json&#34;&gt;&lt;span class=&#34;line&#34;&gt;&lt;span class=&#34;cl&#34;&gt;&lt;span class=&#34;p&#34;&gt;{&lt;/span&gt;
&lt;/span&gt;&lt;/span&gt;&lt;span class=&#34;line&#34;&gt;&lt;span class=&#34;cl&#34;&gt;  &lt;span class=&#34;nt&#34;&gt;&amp;#34;lineNumber&amp;#34;&lt;/span&gt;&lt;span class=&#34;p&#34;&gt;:&lt;/span&gt; &lt;span class=&#34;s2&#34;&gt;&amp;#34;1073&amp;#34;&lt;/span&gt;&lt;span class=&#34;p&#34;&gt;,&lt;/span&gt;
&lt;/span&gt;&lt;/span&gt;&lt;span class=&#34;line&#34;&gt;&lt;span class=&#34;cl&#34;&gt;  &lt;span class=&#34;nt&#34;&gt;&amp;#34;date&amp;#34;&lt;/span&gt;&lt;span class=&#34;p&#34;&gt;:&lt;/span&gt; &lt;span class=&#34;s2&#34;&gt;&amp;#34;2023-12-05T00:00:00.000Z&amp;#34;&lt;/span&gt;&lt;span class=&#34;p&#34;&gt;,&lt;/span&gt;
&lt;/span&gt;&lt;/span&gt;&lt;span class=&#34;line&#34;&gt;&lt;span class=&#34;cl&#34;&gt;  &lt;span class=&#34;nt&#34;&gt;&amp;#34;traceStationFromId&amp;#34;&lt;/span&gt;&lt;span class=&#34;p&#34;&gt;:&lt;/span&gt; &lt;span class=&#34;mi&#34;&gt;1453&lt;/span&gt;&lt;span class=&#34;p&#34;&gt;,&lt;/span&gt;
&lt;/span&gt;&lt;/span&gt;&lt;span class=&#34;line&#34;&gt;&lt;span class=&#34;cl&#34;&gt;  &lt;span class=&#34;nt&#34;&gt;&amp;#34;traceStationToId&amp;#34;&lt;/span&gt;&lt;span class=&#34;p&#34;&gt;:&lt;/span&gt; &lt;span class=&#34;mi&#34;&gt;1482&lt;/span&gt;&lt;span class=&#34;p&#34;&gt;,&lt;/span&gt;
&lt;/span&gt;&lt;/span&gt;&lt;span class=&#34;line&#34;&gt;&lt;span class=&#34;cl&#34;&gt;  &lt;span class=&#34;nt&#34;&gt;&amp;#34;count&amp;#34;&lt;/span&gt;&lt;span class=&#34;p&#34;&gt;:&lt;/span&gt; &lt;span class=&#34;mi&#34;&gt;1&lt;/span&gt;
&lt;/span&gt;&lt;/span&gt;&lt;span class=&#34;line&#34;&gt;&lt;span class=&#34;cl&#34;&gt;&lt;span class=&#34;p&#34;&gt;}&lt;/span&gt;&lt;/span&gt;&lt;/span&gt;&lt;/code&gt;&lt;/pre&gt;&lt;/div&gt;&lt;/div&gt;&lt;div class=&#34;opacity-0 transition group-hover/code:opacity-100 flex gap-1 absolute m-[11px] right-0 top-0&#34;&gt;
    &lt;button
      class=&#34;code-copy-btn group/copybtn transition-all active:opacity-50 bg-primary-700/5 border border-black/5 text-gray-600 hover:text-gray-900 rounded-md p-1.5 dark:bg-primary-300/10 dark:border-white/10 dark:text-gray-400 dark:hover:text-gray-50&#34;
      title=&#34;Copy code&#34;
    &gt;
      &lt;div class=&#34;group-[.copied]/copybtn:hidden copy-icon pointer-events-none h-4 w-4&#34;&gt;&lt;/div&gt;
      &lt;div class=&#34;hidden group-[.copied]/copybtn:block success-icon pointer-events-none h-4 w-4&#34;&gt;&lt;/div&gt;
    &lt;/button&gt;
  &lt;/div&gt;
&lt;/div&gt;
&lt;p&gt;and receive a response:&lt;/p&gt;
&lt;div class=&#34;code-block relative mt-6 first:mt-0 group/code&#34;&gt;&lt;div&gt;&lt;div class=&#34;highlight&#34;&gt;&lt;pre tabindex=&#34;0&#34; class=&#34;chroma&#34;&gt;&lt;code class=&#34;language-json&#34; data-lang=&#34;json&#34;&gt;&lt;span class=&#34;line&#34;&gt;&lt;span class=&#34;cl&#34;&gt;&lt;span class=&#34;p&#34;&gt;[&lt;/span&gt;
&lt;/span&gt;&lt;/span&gt;&lt;span class=&#34;line&#34;&gt;&lt;span class=&#34;cl&#34;&gt;  &lt;span class=&#34;p&#34;&gt;{&lt;/span&gt;
&lt;/span&gt;&lt;/span&gt;&lt;span class=&#34;line&#34;&gt;&lt;span class=&#34;cl&#34;&gt;    &lt;span class=&#34;nt&#34;&gt;&amp;#34;seat&amp;#34;&lt;/span&gt;&lt;span class=&#34;p&#34;&gt;:&lt;/span&gt; &lt;span class=&#34;p&#34;&gt;{&lt;/span&gt;
&lt;/span&gt;&lt;/span&gt;&lt;span class=&#34;line&#34;&gt;&lt;span class=&#34;cl&#34;&gt;      &lt;span class=&#34;nt&#34;&gt;&amp;#34;isAvailable&amp;#34;&lt;/span&gt;&lt;span class=&#34;p&#34;&gt;:&lt;/span&gt; &lt;span class=&#34;kc&#34;&gt;false&lt;/span&gt;&lt;span class=&#34;p&#34;&gt;,&lt;/span&gt;
&lt;/span&gt;&lt;/span&gt;&lt;span class=&#34;line&#34;&gt;&lt;span class=&#34;cl&#34;&gt;      &lt;span class=&#34;nt&#34;&gt;&amp;#34;seatAttributes&amp;#34;&lt;/span&gt;&lt;span class=&#34;p&#34;&gt;:&lt;/span&gt; &lt;span class=&#34;p&#34;&gt;[&lt;/span&gt;&lt;span class=&#34;s2&#34;&gt;&amp;#34;Window&amp;#34;&lt;/span&gt;&lt;span class=&#34;p&#34;&gt;,&lt;/span&gt; &lt;span class=&#34;s2&#34;&gt;&amp;#34;V230&amp;#34;&lt;/span&gt;&lt;span class=&#34;p&#34;&gt;,&lt;/span&gt; &lt;span class=&#34;s2&#34;&gt;&amp;#34;Silent&amp;#34;&lt;/span&gt;&lt;span class=&#34;p&#34;&gt;],&lt;/span&gt;
&lt;/span&gt;&lt;/span&gt;&lt;span class=&#34;line&#34;&gt;&lt;span class=&#34;cl&#34;&gt;      &lt;span class=&#34;nt&#34;&gt;&amp;#34;isEnabled&amp;#34;&lt;/span&gt;&lt;span class=&#34;p&#34;&gt;:&lt;/span&gt; &lt;span class=&#34;kc&#34;&gt;true&lt;/span&gt;&lt;span class=&#34;p&#34;&gt;,&lt;/span&gt;
&lt;/span&gt;&lt;/span&gt;&lt;span class=&#34;line&#34;&gt;&lt;span class=&#34;cl&#34;&gt;      &lt;span class=&#34;nt&#34;&gt;&amp;#34;description&amp;#34;&lt;/span&gt;&lt;span class=&#34;p&#34;&gt;:&lt;/span&gt; &lt;span class=&#34;s2&#34;&gt;&amp;#34;11&amp;#34;&lt;/span&gt;&lt;span class=&#34;p&#34;&gt;,&lt;/span&gt;
&lt;/span&gt;&lt;/span&gt;&lt;span class=&#34;line&#34;&gt;&lt;span class=&#34;cl&#34;&gt;      &lt;span class=&#34;nt&#34;&gt;&amp;#34;orientation&amp;#34;&lt;/span&gt;&lt;span class=&#34;p&#34;&gt;:&lt;/span&gt; &lt;span class=&#34;s2&#34;&gt;&amp;#34;Backward&amp;#34;&lt;/span&gt;&lt;span class=&#34;p&#34;&gt;,&lt;/span&gt;
&lt;/span&gt;&lt;/span&gt;&lt;span class=&#34;line&#34;&gt;&lt;span class=&#34;cl&#34;&gt;      &lt;span class=&#34;nt&#34;&gt;&amp;#34;coordX&amp;#34;&lt;/span&gt;&lt;span class=&#34;p&#34;&gt;:&lt;/span&gt; &lt;span class=&#34;mi&#34;&gt;0&lt;/span&gt;&lt;span class=&#34;p&#34;&gt;,&lt;/span&gt;
&lt;/span&gt;&lt;/span&gt;&lt;span class=&#34;line&#34;&gt;&lt;span class=&#34;cl&#34;&gt;      &lt;span class=&#34;nt&#34;&gt;&amp;#34;coordY&amp;#34;&lt;/span&gt;&lt;span class=&#34;p&#34;&gt;:&lt;/span&gt; &lt;span class=&#34;mi&#34;&gt;4&lt;/span&gt;&lt;span class=&#34;p&#34;&gt;,&lt;/span&gt;
&lt;/span&gt;&lt;/span&gt;&lt;span class=&#34;line&#34;&gt;&lt;span class=&#34;cl&#34;&gt;      &lt;span class=&#34;nt&#34;&gt;&amp;#34;floor&amp;#34;&lt;/span&gt;&lt;span class=&#34;p&#34;&gt;:&lt;/span&gt; &lt;span class=&#34;mi&#34;&gt;1&lt;/span&gt;&lt;span class=&#34;p&#34;&gt;,&lt;/span&gt;
&lt;/span&gt;&lt;/span&gt;&lt;span class=&#34;line&#34;&gt;&lt;span class=&#34;cl&#34;&gt;      &lt;span class=&#34;nt&#34;&gt;&amp;#34;vehicle&amp;#34;&lt;/span&gt;&lt;span class=&#34;p&#34;&gt;:&lt;/span&gt; &lt;span class=&#34;p&#34;&gt;{&lt;/span&gt;
&lt;/span&gt;&lt;/span&gt;&lt;span class=&#34;line&#34;&gt;&lt;span class=&#34;cl&#34;&gt;        &lt;span class=&#34;nt&#34;&gt;&amp;#34;model&amp;#34;&lt;/span&gt;&lt;span class=&#34;p&#34;&gt;:&lt;/span&gt; &lt;span class=&#34;s2&#34;&gt;&amp;#34;845.P&amp;#34;&lt;/span&gt;&lt;span class=&#34;p&#34;&gt;,&lt;/span&gt;
&lt;/span&gt;&lt;/span&gt;&lt;span class=&#34;line&#34;&gt;&lt;span class=&#34;cl&#34;&gt;        &lt;span class=&#34;nt&#34;&gt;&amp;#34;sequence&amp;#34;&lt;/span&gt;&lt;span class=&#34;p&#34;&gt;:&lt;/span&gt; &lt;span class=&#34;mi&#34;&gt;1&lt;/span&gt;&lt;span class=&#34;p&#34;&gt;,&lt;/span&gt;
&lt;/span&gt;&lt;/span&gt;&lt;span class=&#34;line&#34;&gt;&lt;span class=&#34;cl&#34;&gt;        &lt;span class=&#34;nt&#34;&gt;&amp;#34;description&amp;#34;&lt;/span&gt;&lt;span class=&#34;p&#34;&gt;:&lt;/span&gt; &lt;span class=&#34;s2&#34;&gt;&amp;#34;845-P-L&amp;#34;&lt;/span&gt;&lt;span class=&#34;p&#34;&gt;,&lt;/span&gt;
&lt;/span&gt;&lt;/span&gt;&lt;span class=&#34;line&#34;&gt;&lt;span class=&#34;cl&#34;&gt;        &lt;span class=&#34;nt&#34;&gt;&amp;#34;vehicleAttributes&amp;#34;&lt;/span&gt;&lt;span class=&#34;p&#34;&gt;:&lt;/span&gt; &lt;span class=&#34;p&#34;&gt;[&lt;/span&gt;&lt;span class=&#34;s2&#34;&gt;&amp;#34;WiFi&amp;#34;&lt;/span&gt;&lt;span class=&#34;p&#34;&gt;,&lt;/span&gt; &lt;span class=&#34;s2&#34;&gt;&amp;#34;Silent&amp;#34;&lt;/span&gt;&lt;span class=&#34;p&#34;&gt;,&lt;/span&gt; &lt;span class=&#34;s2&#34;&gt;&amp;#34;V230&amp;#34;&lt;/span&gt;&lt;span class=&#34;p&#34;&gt;],&lt;/span&gt;
&lt;/span&gt;&lt;/span&gt;&lt;span class=&#34;line&#34;&gt;&lt;span class=&#34;cl&#34;&gt;        &lt;span class=&#34;nt&#34;&gt;&amp;#34;seatMap&amp;#34;&lt;/span&gt;&lt;span class=&#34;p&#34;&gt;:&lt;/span&gt; &lt;span class=&#34;p&#34;&gt;[],&lt;/span&gt;
&lt;/span&gt;&lt;/span&gt;&lt;span class=&#34;line&#34;&gt;&lt;span class=&#34;cl&#34;&gt;        &lt;span class=&#34;nt&#34;&gt;&amp;#34;contingents&amp;#34;&lt;/span&gt;&lt;span class=&#34;p&#34;&gt;:&lt;/span&gt; &lt;span class=&#34;p&#34;&gt;[]&lt;/span&gt;
&lt;/span&gt;&lt;/span&gt;&lt;span class=&#34;line&#34;&gt;&lt;span class=&#34;cl&#34;&gt;      &lt;span class=&#34;p&#34;&gt;}&lt;/span&gt;
&lt;/span&gt;&lt;/span&gt;&lt;span class=&#34;line&#34;&gt;&lt;span class=&#34;cl&#34;&gt;    &lt;span class=&#34;p&#34;&gt;},&lt;/span&gt;
&lt;/span&gt;&lt;/span&gt;&lt;span class=&#34;line&#34;&gt;&lt;span class=&#34;cl&#34;&gt;    &lt;span class=&#34;nt&#34;&gt;&amp;#34;externalId&amp;#34;&lt;/span&gt;&lt;span class=&#34;p&#34;&gt;:&lt;/span&gt; &lt;span class=&#34;s2&#34;&gt;&amp;#34;f6066a0f-c9c8-4310-ab8f-8180e525acbc&amp;#34;&lt;/span&gt;&lt;span class=&#34;p&#34;&gt;,&lt;/span&gt;
&lt;/span&gt;&lt;/span&gt;&lt;span class=&#34;line&#34;&gt;&lt;span class=&#34;cl&#34;&gt;    &lt;span class=&#34;nt&#34;&gt;&amp;#34;traceFromId&amp;#34;&lt;/span&gt;&lt;span class=&#34;p&#34;&gt;:&lt;/span&gt; &lt;span class=&#34;mi&#34;&gt;1453&lt;/span&gt;&lt;span class=&#34;p&#34;&gt;,&lt;/span&gt;
&lt;/span&gt;&lt;/span&gt;&lt;span class=&#34;line&#34;&gt;&lt;span class=&#34;cl&#34;&gt;    &lt;span class=&#34;nt&#34;&gt;&amp;#34;traceFromName&amp;#34;&lt;/span&gt;&lt;span class=&#34;p&#34;&gt;:&lt;/span&gt; &lt;span class=&#34;s2&#34;&gt;&amp;#34;Liberec&amp;#34;&lt;/span&gt;&lt;span class=&#34;p&#34;&gt;,&lt;/span&gt;
&lt;/span&gt;&lt;/span&gt;&lt;span class=&#34;line&#34;&gt;&lt;span class=&#34;cl&#34;&gt;    &lt;span class=&#34;nt&#34;&gt;&amp;#34;traceToId&amp;#34;&lt;/span&gt;&lt;span class=&#34;p&#34;&gt;:&lt;/span&gt; &lt;span class=&#34;mi&#34;&gt;1482&lt;/span&gt;&lt;span class=&#34;p&#34;&gt;,&lt;/span&gt;
&lt;/span&gt;&lt;/span&gt;&lt;span class=&#34;line&#34;&gt;&lt;span class=&#34;cl&#34;&gt;    &lt;span class=&#34;nt&#34;&gt;&amp;#34;traceFromSequence&amp;#34;&lt;/span&gt;&lt;span class=&#34;p&#34;&gt;:&lt;/span&gt; &lt;span class=&#34;mi&#34;&gt;1&lt;/span&gt;&lt;span class=&#34;p&#34;&gt;,&lt;/span&gt;
&lt;/span&gt;&lt;/span&gt;&lt;span class=&#34;line&#34;&gt;&lt;span class=&#34;cl&#34;&gt;    &lt;span class=&#34;nt&#34;&gt;&amp;#34;traceToName&amp;#34;&lt;/span&gt;&lt;span class=&#34;p&#34;&gt;:&lt;/span&gt; &lt;span class=&#34;s2&#34;&gt;&amp;#34;Turnov&amp;#34;&lt;/span&gt;&lt;span class=&#34;p&#34;&gt;,&lt;/span&gt;
&lt;/span&gt;&lt;/span&gt;&lt;span class=&#34;line&#34;&gt;&lt;span class=&#34;cl&#34;&gt;    &lt;span class=&#34;nt&#34;&gt;&amp;#34;traceToSequence&amp;#34;&lt;/span&gt;&lt;span class=&#34;p&#34;&gt;:&lt;/span&gt; &lt;span class=&#34;mi&#34;&gt;3&lt;/span&gt;&lt;span class=&#34;p&#34;&gt;,&lt;/span&gt;
&lt;/span&gt;&lt;/span&gt;&lt;span class=&#34;line&#34;&gt;&lt;span class=&#34;cl&#34;&gt;    &lt;span class=&#34;nt&#34;&gt;&amp;#34;expiresAt&amp;#34;&lt;/span&gt;&lt;span class=&#34;p&#34;&gt;:&lt;/span&gt; &lt;span class=&#34;s2&#34;&gt;&amp;#34;2023-11-15T15:56:03.759+01:00&amp;#34;&lt;/span&gt;&lt;span class=&#34;p&#34;&gt;,&lt;/span&gt;
&lt;/span&gt;&lt;/span&gt;&lt;span class=&#34;line&#34;&gt;&lt;span class=&#34;cl&#34;&gt;    &lt;span class=&#34;nt&#34;&gt;&amp;#34;date&amp;#34;&lt;/span&gt;&lt;span class=&#34;p&#34;&gt;:&lt;/span&gt; &lt;span class=&#34;s2&#34;&gt;&amp;#34;2023-12-05T00:00:00&amp;#34;&lt;/span&gt;&lt;span class=&#34;p&#34;&gt;,&lt;/span&gt;
&lt;/span&gt;&lt;/span&gt;&lt;span class=&#34;line&#34;&gt;&lt;span class=&#34;cl&#34;&gt;    &lt;span class=&#34;nt&#34;&gt;&amp;#34;lineNumber&amp;#34;&lt;/span&gt;&lt;span class=&#34;p&#34;&gt;:&lt;/span&gt; &lt;span class=&#34;s2&#34;&gt;&amp;#34;R1073&amp;#34;&lt;/span&gt;&lt;span class=&#34;p&#34;&gt;,&lt;/span&gt;
&lt;/span&gt;&lt;/span&gt;&lt;span class=&#34;line&#34;&gt;&lt;span class=&#34;cl&#34;&gt;    &lt;span class=&#34;nt&#34;&gt;&amp;#34;routeName&amp;#34;&lt;/span&gt;&lt;span class=&#34;p&#34;&gt;:&lt;/span&gt; &lt;span class=&#34;s2&#34;&gt;&amp;#34;R14A&amp;#34;&lt;/span&gt;&lt;span class=&#34;p&#34;&gt;,&lt;/span&gt;
&lt;/span&gt;&lt;/span&gt;&lt;span class=&#34;line&#34;&gt;&lt;span class=&#34;cl&#34;&gt;    &lt;span class=&#34;nt&#34;&gt;&amp;#34;reservationStatus&amp;#34;&lt;/span&gt;&lt;span class=&#34;p&#34;&gt;:&lt;/span&gt; &lt;span class=&#34;s2&#34;&gt;&amp;#34;Temporary&amp;#34;&lt;/span&gt;&lt;span class=&#34;p&#34;&gt;,&lt;/span&gt;
&lt;/span&gt;&lt;/span&gt;&lt;span class=&#34;line&#34;&gt;&lt;span class=&#34;cl&#34;&gt;    &lt;span class=&#34;nt&#34;&gt;&amp;#34;vehicleOrder&amp;#34;&lt;/span&gt;&lt;span class=&#34;p&#34;&gt;:&lt;/span&gt; &lt;span class=&#34;mi&#34;&gt;0&lt;/span&gt;&lt;span class=&#34;p&#34;&gt;,&lt;/span&gt;
&lt;/span&gt;&lt;/span&gt;&lt;span class=&#34;line&#34;&gt;&lt;span class=&#34;cl&#34;&gt;    &lt;span class=&#34;nt&#34;&gt;&amp;#34;reservationType&amp;#34;&lt;/span&gt;&lt;span class=&#34;p&#34;&gt;:&lt;/span&gt; &lt;span class=&#34;s2&#34;&gt;&amp;#34;Reservation&amp;#34;&lt;/span&gt;
&lt;/span&gt;&lt;/span&gt;&lt;span class=&#34;line&#34;&gt;&lt;span class=&#34;cl&#34;&gt;  &lt;span class=&#34;p&#34;&gt;}&lt;/span&gt;
&lt;/span&gt;&lt;/span&gt;&lt;span class=&#34;line&#34;&gt;&lt;span class=&#34;cl&#34;&gt;&lt;span class=&#34;p&#34;&gt;]&lt;/span&gt;&lt;/span&gt;&lt;/span&gt;&lt;/code&gt;&lt;/pre&gt;&lt;/div&gt;&lt;/div&gt;&lt;div class=&#34;opacity-0 transition group-hover/code:opacity-100 flex gap-1 absolute m-[11px] right-0 top-0&#34;&gt;
    &lt;button
      class=&#34;code-copy-btn group/copybtn transition-all active:opacity-50 bg-primary-700/5 border border-black/5 text-gray-600 hover:text-gray-900 rounded-md p-1.5 dark:bg-primary-300/10 dark:border-white/10 dark:text-gray-400 dark:hover:text-gray-50&#34;
      title=&#34;Copy code&#34;
    &gt;
      &lt;div class=&#34;group-[.copied]/copybtn:hidden copy-icon pointer-events-none h-4 w-4&#34;&gt;&lt;/div&gt;
      &lt;div class=&#34;hidden group-[.copied]/copybtn:block success-icon pointer-events-none h-4 w-4&#34;&gt;&lt;/div&gt;
    &lt;/button&gt;
  &lt;/div&gt;
&lt;/div&gt;
&lt;h4&gt;Description of key values:&lt;span class=&#34;absolute -mt-20&#34; id=&#34;description-of-key-values&#34;&gt;&lt;/span&gt;
    &lt;a href=&#34;#description-of-key-values&#34; class=&#34;subheading-anchor&#34; aria-label=&#34;Permalink for this section&#34;&gt;&lt;/a&gt;&lt;/h4&gt;&lt;p&gt;&lt;strong&gt;seat&lt;/strong&gt; describes the selected seat, including its position in the car (coordX, coordY), its attributes (seatAttributes), and information about the vehicle.
&lt;strong&gt;externalId&lt;/strong&gt; is the value used to identify the reservation for future operations.
Next are route information (traceFromId, traceFromName&amp;hellip;), &lt;strong&gt;date&lt;/strong&gt; specifies the travel date, and &lt;strong&gt;lineNumber&lt;/strong&gt; is the line number.
&lt;strong&gt;reservationStatus&lt;/strong&gt; Temporary indicates that it is a temporary reservation with automatic expiration set (&lt;strong&gt;expiresAt&lt;/strong&gt;). After this time, the reservation will cease to exist unless confirmed.&lt;/p&gt;
&lt;h2&gt;Confirming Reservation&lt;span class=&#34;absolute -mt-20&#34; id=&#34;confirming-reservation&#34;&gt;&lt;/span&gt;
    &lt;a href=&#34;#confirming-reservation&#34; class=&#34;subheading-anchor&#34; aria-label=&#34;Permalink for this section&#34;&gt;&lt;/a&gt;&lt;/h2&gt;&lt;p&gt;To confirm the reservation, you need to call &lt;code&gt;/v1/Reservation/ExtConfirmReservations&lt;/code&gt; with the parameter:&lt;/p&gt;
&lt;div class=&#34;code-block relative mt-6 first:mt-0 group/code&#34;&gt;&lt;div&gt;&lt;div class=&#34;highlight&#34;&gt;&lt;pre tabindex=&#34;0&#34; class=&#34;chroma&#34;&gt;&lt;code class=&#34;language-json&#34; data-lang=&#34;json&#34;&gt;&lt;span class=&#34;line&#34;&gt;&lt;span class=&#34;cl&#34;&gt;&lt;span class=&#34;p&#34;&gt;{&lt;/span&gt;
&lt;/span&gt;&lt;/span&gt;&lt;span class=&#34;line&#34;&gt;&lt;span class=&#34;cl&#34;&gt;  &lt;span class=&#34;nt&#34;&gt;&amp;#34;externalReservationsIds&amp;#34;&lt;/span&gt;&lt;span class=&#34;p&#34;&gt;:&lt;/span&gt; &lt;span class=&#34;p&#34;&gt;[&lt;/span&gt;&lt;span class=&#34;s2&#34;&gt;&amp;#34;f6066a0f-c9c8-4310-ab8f-8180e525acbc&amp;#34;&lt;/span&gt;&lt;span class=&#34;p&#34;&gt;]&lt;/span&gt;
&lt;/span&gt;&lt;/span&gt;&lt;span class=&#34;line&#34;&gt;&lt;span class=&#34;cl&#34;&gt;&lt;span class=&#34;p&#34;&gt;}&lt;/span&gt;&lt;/span&gt;&lt;/span&gt;&lt;/code&gt;&lt;/pre&gt;&lt;/div&gt;&lt;/div&gt;&lt;div class=&#34;opacity-0 transition group-hover/code:opacity-100 flex gap-1 absolute m-[11px] right-0 top-0&#34;&gt;
    &lt;button
      class=&#34;code-copy-btn group/copybtn transition-all active:opacity-50 bg-primary-700/5 border border-black/5 text-gray-600 hover:text-gray-900 rounded-md p-1.5 dark:bg-primary-300/10 dark:border-white/10 dark:text-gray-400 dark:hover:text-gray-50&#34;
      title=&#34;Copy code&#34;
    &gt;
      &lt;div class=&#34;group-[.copied]/copybtn:hidden copy-icon pointer-events-none h-4 w-4&#34;&gt;&lt;/div&gt;
      &lt;div class=&#34;hidden group-[.copied]/copybtn:block success-icon pointer-events-none h-4 w-4&#34;&gt;&lt;/div&gt;
    &lt;/button&gt;
  &lt;/div&gt;
&lt;/div&gt;
&lt;p&gt;The response will provide information about the reservation again:&lt;/p&gt;
&lt;div class=&#34;code-block relative mt-6 first:mt-0 group/code&#34;&gt;&lt;div&gt;&lt;div class=&#34;highlight&#34;&gt;&lt;pre tabindex=&#34;0&#34; class=&#34;chroma&#34;&gt;&lt;code class=&#34;language-json&#34; data-lang=&#34;json&#34;&gt;&lt;span class=&#34;line&#34;&gt;&lt;span class=&#34;cl&#34;&gt;&lt;span class=&#34;p&#34;&gt;[&lt;/span&gt;
&lt;/span&gt;&lt;/span&gt;&lt;span class=&#34;line&#34;&gt;&lt;span class=&#34;cl&#34;&gt;  &lt;span class=&#34;p&#34;&gt;{&lt;/span&gt;
&lt;/span&gt;&lt;/span&gt;&lt;span class=&#34;line&#34;&gt;&lt;span class=&#34;cl&#34;&gt;    &lt;span class=&#34;nt&#34;&gt;&amp;#34;seat&amp;#34;&lt;/span&gt;&lt;span class=&#34;p&#34;&gt;:&lt;/span&gt; &lt;span class=&#34;p&#34;&gt;{&lt;/span&gt;
&lt;/span&gt;&lt;/span&gt;&lt;span class=&#34;line&#34;&gt;&lt;span class=&#34;cl&#34;&gt;      &lt;span class=&#34;nt&#34;&gt;&amp;#34;isAvailable&amp;#34;&lt;/span&gt;&lt;span class=&#34;p&#34;&gt;:&lt;/span&gt; &lt;span class=&#34;kc&#34;&gt;false&lt;/span&gt;&lt;span class=&#34;p&#34;&gt;,&lt;/span&gt;
&lt;/span&gt;&lt;/span&gt;&lt;span class=&#34;line&#34;&gt;&lt;span class=&#34;cl&#34;&gt;      &lt;span class=&#34;nt&#34;&gt;&amp;#34;seatAttributes&amp;#34;&lt;/span&gt;&lt;span class=&#34;p&#34;&gt;:&lt;/span&gt; &lt;span class=&#34;p&#34;&gt;[&lt;/span&gt;&lt;span class=&#34;s2&#34;&gt;&amp;#34;Window&amp;#34;&lt;/span&gt;&lt;span class=&#34;p&#34;&gt;,&lt;/span&gt; &lt;span class=&#34;s2&#34;&gt;&amp;#34;V230&amp;#34;&lt;/span&gt;&lt;span class=&#34;p&#34;&gt;,&lt;/span&gt; &lt;span class=&#34;s2&#34;&gt;&amp;#34;Silent&amp;#34;&lt;/span&gt;&lt;span class=&#34;p&#34;&gt;],&lt;/span&gt;
&lt;/span&gt;&lt;/span&gt;&lt;span class=&#34;line&#34;&gt;&lt;span class=&#34;cl&#34;&gt;      &lt;span class=&#34;nt&#34;&gt;&amp;#34;isEnabled&amp;#34;&lt;/span&gt;&lt;span class=&#34;p&#34;&gt;:&lt;/span&gt; &lt;span class=&#34;kc&#34;&gt;false&lt;/span&gt;&lt;span class=&#34;p&#34;&gt;,&lt;/span&gt;
&lt;/span&gt;&lt;/span&gt;&lt;span class=&#34;line&#34;&gt;&lt;span class=&#34;cl&#34;&gt;      &lt;span class=&#34;nt&#34;&gt;&amp;#34;description&amp;#34;&lt;/span&gt;&lt;span class=&#34;p&#34;&gt;:&lt;/span&gt; &lt;span class=&#34;s2&#34;&gt;&amp;#34;11&amp;#34;&lt;/span&gt;&lt;span class=&#34;p&#34;&gt;,&lt;/span&gt;
&lt;/span&gt;&lt;/span&gt;&lt;span class=&#34;line&#34;&gt;&lt;span class=&#34;cl&#34;&gt;      &lt;span class=&#34;nt&#34;&gt;&amp;#34;orientation&amp;#34;&lt;/span&gt;&lt;span class=&#34;p&#34;&gt;:&lt;/span&gt; &lt;span class=&#34;s2&#34;&gt;&amp;#34;Backward&amp;#34;&lt;/span&gt;&lt;span class=&#34;p&#34;&gt;,&lt;/span&gt;
&lt;/span&gt;&lt;/span&gt;&lt;span class=&#34;line&#34;&gt;&lt;span class=&#34;cl&#34;&gt;      &lt;span class=&#34;nt&#34;&gt;&amp;#34;coordX&amp;#34;&lt;/span&gt;&lt;span class=&#34;p&#34;&gt;:&lt;/span&gt; &lt;span class=&#34;mi&#34;&gt;0&lt;/span&gt;&lt;span class=&#34;p&#34;&gt;,&lt;/span&gt;
&lt;/span&gt;&lt;/span&gt;&lt;span class=&#34;line&#34;&gt;&lt;span class=&#34;cl&#34;&gt;      &lt;span class=&#34;nt&#34;&gt;&amp;#34;coordY&amp;#34;&lt;/span&gt;&lt;span class=&#34;p&#34;&gt;:&lt;/span&gt; &lt;span class=&#34;mi&#34;&gt;4&lt;/span&gt;&lt;span class=&#34;p&#34;&gt;,&lt;/span&gt;
&lt;/span&gt;&lt;/span&gt;&lt;span class=&#34;line&#34;&gt;&lt;span class=&#34;cl&#34;&gt;      &lt;span class=&#34;nt&#34;&gt;&amp;#34;floor&amp;#34;&lt;/span&gt;&lt;span class=&#34;p&#34;&gt;:&lt;/span&gt; &lt;span class=&#34;mi&#34;&gt;1&lt;/span&gt;&lt;span class=&#34;p&#34;&gt;,&lt;/span&gt;
&lt;/span&gt;&lt;/span&gt;&lt;span class=&#34;line&#34;&gt;&lt;span class=&#34;cl&#34;&gt;      &lt;span class=&#34;nt&#34;&gt;&amp;#34;vehicle&amp;#34;&lt;/span&gt;&lt;span class=&#34;p&#34;&gt;:&lt;/span&gt; &lt;span class=&#34;p&#34;&gt;{&lt;/span&gt;
&lt;/span&gt;&lt;/span&gt;&lt;span class=&#34;line&#34;&gt;&lt;span class=&#34;cl&#34;&gt;        &lt;span class=&#34;nt&#34;&gt;&amp;#34;model&amp;#34;&lt;/span&gt;&lt;span class=&#34;p&#34;&gt;:&lt;/span&gt; &lt;span class=&#34;s2&#34;&gt;&amp;#34;845.P&amp;#34;&lt;/span&gt;&lt;span class=&#34;p&#34;&gt;,&lt;/span&gt;
&lt;/span&gt;&lt;/span&gt;&lt;span class=&#34;line&#34;&gt;&lt;span class=&#34;cl&#34;&gt;        &lt;span class=&#34;nt&#34;&gt;&amp;#34;sequence&amp;#34;&lt;/span&gt;&lt;span class=&#34;p&#34;&gt;:&lt;/span&gt; &lt;span class=&#34;mi&#34;&gt;1&lt;/span&gt;&lt;span class=&#34;p&#34;&gt;,&lt;/span&gt;
&lt;/span&gt;&lt;/span&gt;&lt;span class=&#34;line&#34;&gt;&lt;span class=&#34;cl&#34;&gt;        &lt;span class=&#34;nt&#34;&gt;&amp;#34;description&amp;#34;&lt;/span&gt;&lt;span class=&#34;p&#34;&gt;:&lt;/span&gt; &lt;span class=&#34;s2&#34;&gt;&amp;#34;845-P-L&amp;#34;&lt;/span&gt;&lt;span class=&#34;p&#34;&gt;,&lt;/span&gt;
&lt;/span&gt;&lt;/span&gt;&lt;span class=&#34;line&#34;&gt;&lt;span class=&#34;cl&#34;&gt;        &lt;span class=&#34;nt&#34;&gt;&amp;#34;vehicleAttributes&amp;#34;&lt;/span&gt;&lt;span class=&#34;p&#34;&gt;:&lt;/span&gt; &lt;span class=&#34;p&#34;&gt;[],&lt;/span&gt;
&lt;/span&gt;&lt;/span&gt;&lt;span class=&#34;line&#34;&gt;&lt;span class=&#34;cl&#34;&gt;        &lt;span class=&#34;nt&#34;&gt;&amp;#34;seatMap&amp;#34;&lt;/span&gt;&lt;span class=&#34;p&#34;&gt;:&lt;/span&gt; &lt;span class=&#34;p&#34;&gt;[],&lt;/span&gt;
&lt;/span&gt;&lt;/span&gt;&lt;span class=&#34;line&#34;&gt;&lt;span class=&#34;cl&#34;&gt;        &lt;span class=&#34;nt&#34;&gt;&amp;#34;contingents&amp;#34;&lt;/span&gt;&lt;span class=&#34;p&#34;&gt;:&lt;/span&gt; &lt;span class=&#34;p&#34;&gt;[]&lt;/span&gt;
&lt;/span&gt;&lt;/span&gt;&lt;span class=&#34;line&#34;&gt;&lt;span class=&#34;cl&#34;&gt;      &lt;span class=&#34;p&#34;&gt;}&lt;/span&gt;
&lt;/span&gt;&lt;/span&gt;&lt;span class=&#34;line&#34;&gt;&lt;span class=&#34;cl&#34;&gt;    &lt;span class=&#34;p&#34;&gt;},&lt;/span&gt;
&lt;/span&gt;&lt;/span&gt;&lt;span class=&#34;line&#34;&gt;&lt;span class=&#34;cl&#34;&gt;    &lt;span class=&#34;nt&#34;&gt;&amp;#34;externalId&amp;#34;&lt;/span&gt;&lt;span class=&#34;p&#34;&gt;:&lt;/span&gt; &lt;span class=&#34;s2&#34;&gt;&amp;#34;f6066a0f-c9c8-4310-ab8f-8180e525acbc&amp;#34;&lt;/span&gt;&lt;span class=&#34;p&#34;&gt;,&lt;/span&gt;
&lt;/span&gt;&lt;/span&gt;&lt;span class=&#34;line&#34;&gt;&lt;span class=&#34;cl&#34;&gt;    &lt;span class=&#34;nt&#34;&gt;&amp;#34;traceFromId&amp;#34;&lt;/span&gt;&lt;span class=&#34;p&#34;&gt;:&lt;/span&gt; &lt;span class=&#34;mi&#34;&gt;1453&lt;/span&gt;&lt;span class=&#34;p&#34;&gt;,&lt;/span&gt;
&lt;/span&gt;&lt;/span&gt;&lt;span class=&#34;line&#34;&gt;&lt;span class=&#34;cl&#34;&gt;    &lt;span class=&#34;nt&#34;&gt;&amp;#34;traceFromName&amp;#34;&lt;/span&gt;&lt;span class=&#34;p&#34;&gt;:&lt;/span&gt; &lt;span class=&#34;s2&#34;&gt;&amp;#34;Liberec&amp;#34;&lt;/span&gt;&lt;span class=&#34;p&#34;&gt;,&lt;/span&gt;
&lt;/span&gt;&lt;/span&gt;&lt;span class=&#34;line&#34;&gt;&lt;span class=&#34;cl&#34;&gt;    &lt;span class=&#34;nt&#34;&gt;&amp;#34;traceToId&amp;#34;&lt;/span&gt;&lt;span class=&#34;p&#34;&gt;:&lt;/span&gt; &lt;span class=&#34;mi&#34;&gt;1482&lt;/span&gt;&lt;span class=&#34;p&#34;&gt;,&lt;/span&gt;
&lt;/span&gt;&lt;/span&gt;&lt;span class=&#34;line&#34;&gt;&lt;span class=&#34;cl&#34;&gt;    &lt;span class=&#34;nt&#34;&gt;&amp;#34;traceFromSequence&amp;#34;&lt;/span&gt;&lt;span class=&#34;p&#34;&gt;:&lt;/span&gt; &lt;span class=&#34;mi&#34;&gt;1&lt;/span&gt;&lt;span class=&#34;p&#34;&gt;,&lt;/span&gt;
&lt;/span&gt;&lt;/span&gt;&lt;span class=&#34;line&#34;&gt;&lt;span class=&#34;cl&#34;&gt;    &lt;span class=&#34;nt&#34;&gt;&amp;#34;traceToName&amp;#34;&lt;/span&gt;&lt;span class=&#34;p&#34;&gt;:&lt;/span&gt; &lt;span class=&#34;s2&#34;&gt;&amp;#34;Turnov&amp;#34;&lt;/span&gt;&lt;span class=&#34;p&#34;&gt;,&lt;/span&gt;
&lt;/span&gt;&lt;/span&gt;&lt;span class=&#34;line&#34;&gt;&lt;span class=&#34;cl&#34;&gt;    &lt;span class=&#34;nt&#34;&gt;&amp;#34;traceToSequence&amp;#34;&lt;/span&gt;&lt;span class=&#34;p&#34;&gt;:&lt;/span&gt; &lt;span class=&#34;mi&#34;&gt;3&lt;/span&gt;&lt;span class=&#34;p&#34;&gt;,&lt;/span&gt;
&lt;/span&gt;&lt;/span&gt;&lt;span class=&#34;line&#34;&gt;&lt;span class=&#34;cl&#34;&gt;    &lt;span class=&#34;nt&#34;&gt;&amp;#34;expiresAt&amp;#34;&lt;/span&gt;&lt;span class=&#34;p&#34;&gt;:&lt;/span&gt; &lt;span class=&#34;kc&#34;&gt;null&lt;/span&gt;&lt;span class=&#34;p&#34;&gt;,&lt;/span&gt;
&lt;/span&gt;&lt;/span&gt;&lt;span class=&#34;line&#34;&gt;&lt;span class=&#34;cl&#34;&gt;    &lt;span class=&#34;nt&#34;&gt;&amp;#34;date&amp;#34;&lt;/span&gt;&lt;span class=&#34;p&#34;&gt;:&lt;/span&gt; &lt;span class=&#34;s2&#34;&gt;&amp;#34;2023-12-05T00:00:00&amp;#34;&lt;/span&gt;&lt;span class=&#34;p&#34;&gt;,&lt;/span&gt;
&lt;/span&gt;&lt;/span&gt;&lt;span class=&#34;line&#34;&gt;&lt;span class=&#34;cl&#34;&gt;    &lt;span class=&#34;nt&#34;&gt;&amp;#34;lineNumber&amp;#34;&lt;/span&gt;&lt;span class=&#34;p&#34;&gt;:&lt;/span&gt; &lt;span class=&#34;s2&#34;&gt;&amp;#34;R1073&amp;#34;&lt;/span&gt;&lt;span class=&#34;p&#34;&gt;,&lt;/span&gt;
&lt;/span&gt;&lt;/span&gt;&lt;span class=&#34;line&#34;&gt;&lt;span class=&#34;cl&#34;&gt;    &lt;span class=&#34;nt&#34;&gt;&amp;#34;routeName&amp;#34;&lt;/span&gt;&lt;span class=&#34;p&#34;&gt;:&lt;/span&gt; &lt;span class=&#34;s2&#34;&gt;&amp;#34;R14A&amp;#34;&lt;/span&gt;&lt;span class=&#34;p&#34;&gt;,&lt;/span&gt;
&lt;/span&gt;&lt;/span&gt;&lt;span class=&#34;line&#34;&gt;&lt;span class=&#34;cl&#34;&gt;    &lt;span class=&#34;nt&#34;&gt;&amp;#34;reservationStatus&amp;#34;&lt;/span&gt;&lt;span class=&#34;p&#34;&gt;:&lt;/span&gt; &lt;span class=&#34;s2&#34;&gt;&amp;#34;Confirmed&amp;#34;&lt;/span&gt;&lt;span class=&#34;p&#34;&gt;,&lt;/span&gt;
&lt;/span&gt;&lt;/span&gt;&lt;span class=&#34;line&#34;&gt;&lt;span class=&#34;cl&#34;&gt;    &lt;span class=&#34;nt&#34;&gt;&amp;#34;vehicleOrder&amp;#34;&lt;/span&gt;&lt;span class=&#34;p&#34;&gt;:&lt;/span&gt; &lt;span class=&#34;mi&#34;&gt;0&lt;/span&gt;&lt;span class=&#34;p&#34;&gt;,&lt;/span&gt;
&lt;/span&gt;&lt;/span&gt;&lt;span class=&#34;line&#34;&gt;&lt;span class=&#34;cl&#34;&gt;    &lt;span class=&#34;nt&#34;&gt;&amp;#34;reservationType&amp;#34;&lt;/span&gt;&lt;span class=&#34;p&#34;&gt;:&lt;/span&gt; &lt;span class=&#34;s2&#34;&gt;&amp;#34;Reservation&amp;#34;&lt;/span&gt;
&lt;/span&gt;&lt;/span&gt;&lt;span class=&#34;line&#34;&gt;&lt;span class=&#34;cl&#34;&gt;  &lt;span class=&#34;p&#34;&gt;}&lt;/span&gt;
&lt;/span&gt;&lt;/span&gt;&lt;span class=&#34;line&#34;&gt;&lt;span class=&#34;cl&#34;&gt;&lt;span class=&#34;p&#34;&gt;]&lt;/span&gt;&lt;/span&gt;&lt;/span&gt;&lt;/code&gt;&lt;/pre&gt;&lt;/div&gt;&lt;/div&gt;&lt;div class=&#34;opacity-0 transition group-hover/code:opacity-100 flex gap-1 absolute m-[11px] right-0 top-0&#34;&gt;
    &lt;button
      class=&#34;code-copy-btn group/copybtn transition-all active:opacity-50 bg-primary-700/5 border border-black/5 text-gray-600 hover:text-gray-900 rounded-md p-1.5 dark:bg-primary-300/10 dark:border-white/10 dark:text-gray-400 dark:hover:text-gray-50&#34;
      title=&#34;Copy code&#34;
    &gt;
      &lt;div class=&#34;group-[.copied]/copybtn:hidden copy-icon pointer-events-none h-4 w-4&#34;&gt;&lt;/div&gt;
      &lt;div class=&#34;hidden group-[.copied]/copybtn:block success-icon pointer-events-none h-4 w-4&#34;&gt;&lt;/div&gt;
    &lt;/button&gt;
  &lt;/div&gt;
&lt;/div&gt;
&lt;p&gt;Now, the &lt;strong&gt;reservationStatus&lt;/strong&gt; is set to Confirmed, and the value of &lt;strong&gt;expiresAt&lt;/strong&gt; is &lt;em&gt;NULL&lt;/em&gt;.&lt;/p&gt;
&lt;h2&gt;Releasing Temporary Reservations&lt;span class=&#34;absolute -mt-20&#34; id=&#34;releasing-temporary-reservations&#34;&gt;&lt;/span&gt;
    &lt;a href=&#34;#releasing-temporary-reservations&#34; class=&#34;subheading-anchor&#34; aria-label=&#34;Permalink for this section&#34;&gt;&lt;/a&gt;&lt;/h2&gt;&lt;p&gt;If a purchase is canceled without confirmation, instead of confirmation, call &lt;code&gt;/v1/Reservation/ExtReleaseReservations&lt;/code&gt; with the parameter:&lt;/p&gt;
&lt;div class=&#34;code-block relative mt-6 first:mt-0 group/code&#34;&gt;&lt;div&gt;&lt;div class=&#34;highlight&#34;&gt;&lt;pre tabindex=&#34;0&#34; class=&#34;chroma&#34;&gt;&lt;code class=&#34;language-json&#34; data-lang=&#34;json&#34;&gt;&lt;span class=&#34;line&#34;&gt;&lt;span class=&#34;cl&#34;&gt;&lt;span class=&#34;p&#34;&gt;{&lt;/span&gt;
&lt;/span&gt;&lt;/span&gt;&lt;span class=&#34;line&#34;&gt;&lt;span class=&#34;cl&#34;&gt;  &lt;span class=&#34;nt&#34;&gt;&amp;#34;externalReservationsIds&amp;#34;&lt;/span&gt;&lt;span class=&#34;p&#34;&gt;:&lt;/span&gt; &lt;span class=&#34;p&#34;&gt;[&lt;/span&gt;&lt;span class=&#34;s2&#34;&gt;&amp;#34;e56a9c34-6ab3-4817-b013-d2d31eecd457&amp;#34;&lt;/span&gt;&lt;span class=&#34;p&#34;&gt;]&lt;/span&gt;
&lt;/span&gt;&lt;/span&gt;&lt;span class=&#34;line&#34;&gt;&lt;span class=&#34;cl&#34;&gt;&lt;span class=&#34;p&#34;&gt;}&lt;/span&gt;&lt;/span&gt;&lt;/span&gt;&lt;/code&gt;&lt;/pre&gt;&lt;/div&gt;&lt;/div&gt;&lt;div class=&#34;opacity-0 transition group-hover/code:opacity-100 flex gap-1 absolute m-[11px] right-0 top-0&#34;&gt;
    &lt;button
      class=&#34;code-copy-btn group/copybtn transition-all active:opacity-50 bg-primary-700/5 border border-black/5 text-gray-600 hover:text-gray-900 rounded-md p-1.5 dark:bg-primary-300/10 dark:border-white/10 dark:text-gray-400 dark:hover:text-gray-50&#34;
      title=&#34;Copy code&#34;
    &gt;
      &lt;div class=&#34;group-[.copied]/copybtn:hidden copy-icon pointer-events-none h-4 w-4&#34;&gt;&lt;/div&gt;
      &lt;div class=&#34;hidden group-[.copied]/copybtn:block success-icon pointer-events-none h-4 w-4&#34;&gt;&lt;/div&gt;
    &lt;/button&gt;
  &lt;/div&gt;
&lt;/div&gt;
&lt;p&gt;This will return only &lt;em&gt;true/false&lt;/em&gt;. It releases the reserved seat for other customers, and there is no need to wait for the expiration.&lt;/p&gt;

      </description>
    </item>
    
  </channel>
</rss>
