<rss version="2.0" xmlns:atom="http://www.w3.org/2005/Atom">
  <channel>
    <title>ArrivAPI – Documentation</title>
    <link>https://beta-api.arriva.cz/docs/public/docs/</link>
    <description>Recent content in Documentation on ArrivAPI</description>
    <generator>Hugo -- gohugo.io</generator>
    <language>en</language>
    
	  <atom:link href="https://beta-api.arriva.cz/docs/public/docs/index.xml" rel="self" type="application/rss+xml" />
    
    
      
        
      
    
    
    <item>
      <title>About the documentation</title>
      <link>https://beta-api.arriva.cz/docs/public/docs/first-page/</link>
      <pubDate>Mon, 01 Jan 0001 00:00:00 +0000</pubDate>
      
      <guid>https://beta-api.arriva.cz/docs/public/docs/first-page/</guid>
      <description>
        
        
        &lt;h3&gt;Tailored Seat Reservation&lt;span class=&#34;absolute -mt-20&#34; id=&#34;tailored-seat-reservation&#34;&gt;&lt;/span&gt;
    &lt;a href=&#34;#tailored-seat-reservation&#34; class=&#34;subheading-anchor&#34; aria-label=&#34;Permalink for this section&#34;&gt;&lt;/a&gt;&lt;/h3&gt;&lt;p&gt;With our intuitive system, you can easily select and reserve a seat on a train or bus. We offer various types of seating, including reserved seats, spaces for bicycles and animals, seats for persons with reduced mobility, and many more.&lt;/p&gt;
&lt;h3&gt;Flexibility at Your Fingertips&lt;span class=&#34;absolute -mt-20&#34; id=&#34;flexibility-at-your-fingertips&#34;&gt;&lt;/span&gt;
    &lt;a href=&#34;#flexibility-at-your-fingertips&#34; class=&#34;subheading-anchor&#34; aria-label=&#34;Permalink for this section&#34;&gt;&lt;/a&gt;&lt;/h3&gt;&lt;p&gt;Need to change your seat? No problem. Our system&amp;rsquo;s flexibility allows you to easily modify reservations to accommodate your changing plans.&lt;/p&gt;
&lt;h3&gt;Easy Access to Information&lt;span class=&#34;absolute -mt-20&#34; id=&#34;easy-access-to-information&#34;&gt;&lt;/span&gt;
    &lt;a href=&#34;#easy-access-to-information&#34; class=&#34;subheading-anchor&#34; aria-label=&#34;Permalink for this section&#34;&gt;&lt;/a&gt;&lt;/h3&gt;&lt;p&gt;Access to extensive information about routes, vehicles, and seat availability is now at your fingertips. Our API provides detailed information for efficient travel planning.&lt;/p&gt;
&lt;h3&gt;Safe and Reliable Reservations&lt;span class=&#34;absolute -mt-20&#34; id=&#34;safe-and-reliable-reservations&#34;&gt;&lt;/span&gt;
    &lt;a href=&#34;#safe-and-reliable-reservations&#34; class=&#34;subheading-anchor&#34; aria-label=&#34;Permalink for this section&#34;&gt;&lt;/a&gt;&lt;/h3&gt;&lt;p&gt;Safety and reliability are our top priorities. Our system ensures that your reservation is always processed correctly and all your data is protected with the latest technology.&lt;/p&gt;

      </description>
    </item>
    
    <item>
      <title>External API Integration Guide</title>
      <link>https://beta-api.arriva.cz/docs/public/docs/e-shop/start/</link>
      <pubDate>Mon, 01 Jan 0001 00:00:00 +0000</pubDate>
      
      <guid>https://beta-api.arriva.cz/docs/public/docs/e-shop/start/</guid>
      <description>
        
        
        &lt;h2&gt;1. Preparation&lt;span class=&#34;absolute -mt-20&#34; id=&#34;1-preparation&#34;&gt;&lt;/span&gt;
    &lt;a href=&#34;#1-preparation&#34; class=&#34;subheading-anchor&#34; aria-label=&#34;Permalink for this section&#34;&gt;&lt;/a&gt;&lt;/h2&gt;&lt;p&gt;Before making any API calls, you need to have a bearer token. This can be obtained by calling the authentication endpoint.&lt;/p&gt;
&lt;ul&gt;
&lt;li&gt;&lt;strong&gt;Authentication&lt;/strong&gt;: Obtain a bearer token by sending a &lt;code&gt;POST&lt;/code&gt; request to &lt;code&gt;/v1/Authentication/ExtAuthenticate&lt;/code&gt; with your username and password in the request body.&lt;/li&gt;
&lt;/ul&gt;
&lt;p&gt;For working with the API, you need to retrieve several constants, including lists of places, tariffs, etc. Specifically, you need to call:&lt;/p&gt;
&lt;ul&gt;
&lt;li&gt;&lt;code&gt;/v1/Constants/ExtAllPlaceTypes&lt;/code&gt;&lt;/li&gt;
&lt;li&gt;&lt;code&gt;/v1/Constants/ExtAllPlaces&lt;/code&gt;&lt;/li&gt;
&lt;li&gt;&lt;code&gt;/v1/Constants/ExtAllCompanies&lt;/code&gt;&lt;/li&gt;
&lt;li&gt;&lt;code&gt;/v1/Constants/AllPassengerCategories&lt;/code&gt;&lt;/li&gt;
&lt;/ul&gt;
&lt;h2&gt;2. Purchase Process&lt;span class=&#34;absolute -mt-20&#34; id=&#34;2-purchase-process&#34;&gt;&lt;/span&gt;
    &lt;a href=&#34;#2-purchase-process&#34; class=&#34;subheading-anchor&#34; aria-label=&#34;Permalink for this section&#34;&gt;&lt;/a&gt;&lt;/h2&gt;&lt;h3&gt;Step 1: Authenticate&lt;span class=&#34;absolute -mt-20&#34; id=&#34;step-1-authenticate&#34;&gt;&lt;/span&gt;
    &lt;a href=&#34;#step-1-authenticate&#34; class=&#34;subheading-anchor&#34; aria-label=&#34;Permalink for this section&#34;&gt;&lt;/a&gt;&lt;/h3&gt;&lt;div class=&#34;code-block relative mt-6 first:mt-0 group/code&#34;&gt;&lt;div&gt;&lt;div class=&#34;highlight&#34;&gt;&lt;pre tabindex=&#34;0&#34; class=&#34;chroma&#34;&gt;&lt;code class=&#34;language-plaintext&#34; data-lang=&#34;plaintext&#34;&gt;&lt;span class=&#34;line&#34;&gt;&lt;span class=&#34;cl&#34;&gt;POST /v1/Authentication/ExtAuthenticate&lt;/span&gt;&lt;/span&gt;&lt;/code&gt;&lt;/pre&gt;&lt;/div&gt;&lt;/div&gt;&lt;div class=&#34;opacity-0 transition group-hover/code:opacity-100 flex gap-1 absolute m-[11px] right-0 top-0&#34;&gt;
    &lt;button
      class=&#34;code-copy-btn group/copybtn transition-all active:opacity-50 bg-primary-700/5 border border-black/5 text-gray-600 hover:text-gray-900 rounded-md p-1.5 dark:bg-primary-300/10 dark:border-white/10 dark:text-gray-400 dark:hover:text-gray-50&#34;
      title=&#34;Copy code&#34;
    &gt;
      &lt;div class=&#34;group-[.copied]/copybtn:hidden copy-icon pointer-events-none h-4 w-4&#34;&gt;&lt;/div&gt;
      &lt;div class=&#34;hidden group-[.copied]/copybtn:block success-icon pointer-events-none h-4 w-4&#34;&gt;&lt;/div&gt;
    &lt;/button&gt;
  &lt;/div&gt;
&lt;/div&gt;
&lt;ul&gt;
&lt;li&gt;Send username and password in the request.&lt;/li&gt;
&lt;li&gt;Receive a bearer token in the response to use for all subsequent calls.&lt;/li&gt;
&lt;/ul&gt;
&lt;h3&gt;Step 2: Search for Places&lt;span class=&#34;absolute -mt-20&#34; id=&#34;step-2-search-for-places&#34;&gt;&lt;/span&gt;
    &lt;a href=&#34;#step-2-search-for-places&#34; class=&#34;subheading-anchor&#34; aria-label=&#34;Permalink for this section&#34;&gt;&lt;/a&gt;&lt;/h3&gt;&lt;div class=&#34;code-block relative mt-6 first:mt-0 group/code&#34;&gt;&lt;div&gt;&lt;div class=&#34;highlight&#34;&gt;&lt;pre tabindex=&#34;0&#34; class=&#34;chroma&#34;&gt;&lt;code class=&#34;language-plaintext&#34; data-lang=&#34;plaintext&#34;&gt;&lt;span class=&#34;line&#34;&gt;&lt;span class=&#34;cl&#34;&gt;GET /v1/Place/ExtSearch&lt;/span&gt;&lt;/span&gt;&lt;/code&gt;&lt;/pre&gt;&lt;/div&gt;&lt;/div&gt;&lt;div class=&#34;opacity-0 transition group-hover/code:opacity-100 flex gap-1 absolute m-[11px] right-0 top-0&#34;&gt;
    &lt;button
      class=&#34;code-copy-btn group/copybtn transition-all active:opacity-50 bg-primary-700/5 border border-black/5 text-gray-600 hover:text-gray-900 rounded-md p-1.5 dark:bg-primary-300/10 dark:border-white/10 dark:text-gray-400 dark:hover:text-gray-50&#34;
      title=&#34;Copy code&#34;
    &gt;
      &lt;div class=&#34;group-[.copied]/copybtn:hidden copy-icon pointer-events-none h-4 w-4&#34;&gt;&lt;/div&gt;
      &lt;div class=&#34;hidden group-[.copied]/copybtn:block success-icon pointer-events-none h-4 w-4&#34;&gt;&lt;/div&gt;
    &lt;/button&gt;
  &lt;/div&gt;
&lt;/div&gt;
&lt;ul&gt;
&lt;li&gt;Search for the place of departure and arrival, e.g., &amp;ldquo;Praha&amp;rdquo; (id: 2236), &amp;ldquo;Pribram&amp;rdquo; (id: 3062).&lt;/li&gt;
&lt;li&gt;Store the place IDs for searching connections.&lt;/li&gt;
&lt;li&gt;Set &lt;code&gt;limit: 10&lt;/code&gt; to restrict the number of results.&lt;/li&gt;
&lt;/ul&gt;
&lt;h3&gt;Step 3: Search for Routes&lt;span class=&#34;absolute -mt-20&#34; id=&#34;step-3-search-for-routes&#34;&gt;&lt;/span&gt;
    &lt;a href=&#34;#step-3-search-for-routes&#34; class=&#34;subheading-anchor&#34; aria-label=&#34;Permalink for this section&#34;&gt;&lt;/a&gt;&lt;/h3&gt;&lt;div class=&#34;code-block relative mt-6 first:mt-0 group/code&#34;&gt;&lt;div&gt;&lt;div class=&#34;highlight&#34;&gt;&lt;pre tabindex=&#34;0&#34; class=&#34;chroma&#34;&gt;&lt;code class=&#34;language-plaintext&#34; data-lang=&#34;plaintext&#34;&gt;&lt;span class=&#34;line&#34;&gt;&lt;span class=&#34;cl&#34;&gt;POST /v1/Route/ExtSearch&lt;/span&gt;&lt;/span&gt;&lt;/code&gt;&lt;/pre&gt;&lt;/div&gt;&lt;/div&gt;&lt;div class=&#34;opacity-0 transition group-hover/code:opacity-100 flex gap-1 absolute m-[11px] right-0 top-0&#34;&gt;
    &lt;button
      class=&#34;code-copy-btn group/copybtn transition-all active:opacity-50 bg-primary-700/5 border border-black/5 text-gray-600 hover:text-gray-900 rounded-md p-1.5 dark:bg-primary-300/10 dark:border-white/10 dark:text-gray-400 dark:hover:text-gray-50&#34;
      title=&#34;Copy code&#34;
    &gt;
      &lt;div class=&#34;group-[.copied]/copybtn:hidden copy-icon pointer-events-none h-4 w-4&#34;&gt;&lt;/div&gt;
      &lt;div class=&#34;hidden group-[.copied]/copybtn:block success-icon pointer-events-none h-4 w-4&#34;&gt;&lt;/div&gt;
    &lt;/button&gt;
  &lt;/div&gt;
&lt;/div&gt;
&lt;ul&gt;
&lt;li&gt;Required parameters: &lt;code&gt;sourcePlaceId&lt;/code&gt;, &lt;code&gt;targetPlaceId&lt;/code&gt;, and &lt;code&gt;date&lt;/code&gt;.&lt;/li&gt;
&lt;li&gt;Optional parameters can be removed if not needed.&lt;/li&gt;
&lt;li&gt;Example payload:&lt;/li&gt;
&lt;/ul&gt;
&lt;div class=&#34;code-block relative mt-6 first:mt-0 group/code&#34;&gt;&lt;div&gt;&lt;div class=&#34;highlight&#34;&gt;&lt;pre tabindex=&#34;0&#34; class=&#34;chroma&#34;&gt;&lt;code class=&#34;language-json&#34; data-lang=&#34;json&#34;&gt;&lt;span class=&#34;line&#34;&gt;&lt;span class=&#34;cl&#34;&gt;&lt;span class=&#34;p&#34;&gt;{&lt;/span&gt;
&lt;/span&gt;&lt;/span&gt;&lt;span class=&#34;line&#34;&gt;&lt;span class=&#34;cl&#34;&gt;  &lt;span class=&#34;nt&#34;&gt;&amp;#34;sourcePlaceId&amp;#34;&lt;/span&gt;&lt;span class=&#34;p&#34;&gt;:&lt;/span&gt; &lt;span class=&#34;mi&#34;&gt;2236&lt;/span&gt;&lt;span class=&#34;p&#34;&gt;,&lt;/span&gt;
&lt;/span&gt;&lt;/span&gt;&lt;span class=&#34;line&#34;&gt;&lt;span class=&#34;cl&#34;&gt;  &lt;span class=&#34;nt&#34;&gt;&amp;#34;targetPlaceId&amp;#34;&lt;/span&gt;&lt;span class=&#34;p&#34;&gt;:&lt;/span&gt; &lt;span class=&#34;mi&#34;&gt;3062&lt;/span&gt;&lt;span class=&#34;p&#34;&gt;,&lt;/span&gt;
&lt;/span&gt;&lt;/span&gt;&lt;span class=&#34;line&#34;&gt;&lt;span class=&#34;cl&#34;&gt;  &lt;span class=&#34;nt&#34;&gt;&amp;#34;dateTime&amp;#34;&lt;/span&gt;&lt;span class=&#34;p&#34;&gt;:&lt;/span&gt; &lt;span class=&#34;s2&#34;&gt;&amp;#34;2023-11-08T10:34:22.791Z&amp;#34;&lt;/span&gt;
&lt;/span&gt;&lt;/span&gt;&lt;span class=&#34;line&#34;&gt;&lt;span class=&#34;cl&#34;&gt;&lt;span class=&#34;p&#34;&gt;}&lt;/span&gt;&lt;/span&gt;&lt;/span&gt;&lt;/code&gt;&lt;/pre&gt;&lt;/div&gt;&lt;/div&gt;&lt;div class=&#34;opacity-0 transition group-hover/code:opacity-100 flex gap-1 absolute m-[11px] right-0 top-0&#34;&gt;
    &lt;button
      class=&#34;code-copy-btn group/copybtn transition-all active:opacity-50 bg-primary-700/5 border border-black/5 text-gray-600 hover:text-gray-900 rounded-md p-1.5 dark:bg-primary-300/10 dark:border-white/10 dark:text-gray-400 dark:hover:text-gray-50&#34;
      title=&#34;Copy code&#34;
    &gt;
      &lt;div class=&#34;group-[.copied]/copybtn:hidden copy-icon pointer-events-none h-4 w-4&#34;&gt;&lt;/div&gt;
      &lt;div class=&#34;hidden group-[.copied]/copybtn:block success-icon pointer-events-none h-4 w-4&#34;&gt;&lt;/div&gt;
    &lt;/button&gt;
  &lt;/div&gt;
&lt;/div&gt;
&lt;ul&gt;
&lt;li&gt;Receive a &lt;code&gt;searchId&lt;/code&gt; in the response.&lt;/li&gt;
&lt;/ul&gt;
&lt;h3&gt;Step 4: Begin Purchase Process&lt;span class=&#34;absolute -mt-20&#34; id=&#34;step-4-begin-purchase-process&#34;&gt;&lt;/span&gt;
    &lt;a href=&#34;#step-4-begin-purchase-process&#34; class=&#34;subheading-anchor&#34; aria-label=&#34;Permalink for this section&#34;&gt;&lt;/a&gt;&lt;/h3&gt;&lt;div class=&#34;code-block relative mt-6 first:mt-0 group/code&#34;&gt;&lt;div&gt;&lt;div class=&#34;highlight&#34;&gt;&lt;pre tabindex=&#34;0&#34; class=&#34;chroma&#34;&gt;&lt;code class=&#34;language-plaintext&#34; data-lang=&#34;plaintext&#34;&gt;&lt;span class=&#34;line&#34;&gt;&lt;span class=&#34;cl&#34;&gt;POST /v1/Purchase/ExtBegin&lt;/span&gt;&lt;/span&gt;&lt;/code&gt;&lt;/pre&gt;&lt;/div&gt;&lt;/div&gt;&lt;div class=&#34;opacity-0 transition group-hover/code:opacity-100 flex gap-1 absolute m-[11px] right-0 top-0&#34;&gt;
    &lt;button
      class=&#34;code-copy-btn group/copybtn transition-all active:opacity-50 bg-primary-700/5 border border-black/5 text-gray-600 hover:text-gray-900 rounded-md p-1.5 dark:bg-primary-300/10 dark:border-white/10 dark:text-gray-400 dark:hover:text-gray-50&#34;
      title=&#34;Copy code&#34;
    &gt;
      &lt;div class=&#34;group-[.copied]/copybtn:hidden copy-icon pointer-events-none h-4 w-4&#34;&gt;&lt;/div&gt;
      &lt;div class=&#34;hidden group-[.copied]/copybtn:block success-icon pointer-events-none h-4 w-4&#34;&gt;&lt;/div&gt;
    &lt;/button&gt;
  &lt;/div&gt;
&lt;/div&gt;
&lt;ul&gt;
&lt;li&gt;Initiate the purchase process and receive various IDs, including &lt;code&gt;purchaseId&lt;/code&gt;.&lt;/li&gt;
&lt;/ul&gt;
&lt;h3&gt;Step 5: Set Passengers to Connection&lt;span class=&#34;absolute -mt-20&#34; id=&#34;step-5-set-passengers-to-connection&#34;&gt;&lt;/span&gt;
    &lt;a href=&#34;#step-5-set-passengers-to-connection&#34; class=&#34;subheading-anchor&#34; aria-label=&#34;Permalink for this section&#34;&gt;&lt;/a&gt;&lt;/h3&gt;&lt;div class=&#34;code-block relative mt-6 first:mt-0 group/code&#34;&gt;&lt;div&gt;&lt;div class=&#34;highlight&#34;&gt;&lt;pre tabindex=&#34;0&#34; class=&#34;chroma&#34;&gt;&lt;code class=&#34;language-plaintext&#34; data-lang=&#34;plaintext&#34;&gt;&lt;span class=&#34;line&#34;&gt;&lt;span class=&#34;cl&#34;&gt;POST /v1/Purchase/ExtSetPassengersToConnection&lt;/span&gt;&lt;/span&gt;&lt;/code&gt;&lt;/pre&gt;&lt;/div&gt;&lt;/div&gt;&lt;div class=&#34;opacity-0 transition group-hover/code:opacity-100 flex gap-1 absolute m-[11px] right-0 top-0&#34;&gt;
    &lt;button
      class=&#34;code-copy-btn group/copybtn transition-all active:opacity-50 bg-primary-700/5 border border-black/5 text-gray-600 hover:text-gray-900 rounded-md p-1.5 dark:bg-primary-300/10 dark:border-white/10 dark:text-gray-400 dark:hover:text-gray-50&#34;
      title=&#34;Copy code&#34;
    &gt;
      &lt;div class=&#34;group-[.copied]/copybtn:hidden copy-icon pointer-events-none h-4 w-4&#34;&gt;&lt;/div&gt;
      &lt;div class=&#34;hidden group-[.copied]/copybtn:block success-icon pointer-events-none h-4 w-4&#34;&gt;&lt;/div&gt;
    &lt;/button&gt;
  &lt;/div&gt;
&lt;/div&gt;
&lt;ul&gt;
&lt;li&gt;Required parameters: &lt;code&gt;purchaseId&lt;/code&gt;, &lt;code&gt;searchId&lt;/code&gt;, and &lt;code&gt;passengers&lt;/code&gt;.&lt;/li&gt;
&lt;li&gt;Passengers info is retrieved from &lt;code&gt;/v1/Constants/AllPassengerCategories&lt;/code&gt;.&lt;/li&gt;
&lt;/ul&gt;
&lt;h3&gt;Step 6: Make Reservations&lt;span class=&#34;absolute -mt-20&#34; id=&#34;step-6-make-reservations&#34;&gt;&lt;/span&gt;
    &lt;a href=&#34;#step-6-make-reservations&#34; class=&#34;subheading-anchor&#34; aria-label=&#34;Permalink for this section&#34;&gt;&lt;/a&gt;&lt;/h3&gt;&lt;div class=&#34;code-block relative mt-6 first:mt-0 group/code&#34;&gt;&lt;div&gt;&lt;div class=&#34;highlight&#34;&gt;&lt;pre tabindex=&#34;0&#34; class=&#34;chroma&#34;&gt;&lt;code class=&#34;language-plaintext&#34; data-lang=&#34;plaintext&#34;&gt;&lt;span class=&#34;line&#34;&gt;&lt;span class=&#34;cl&#34;&gt;POST /v1/Reservation/ExtMakeReservations&lt;/span&gt;&lt;/span&gt;&lt;/code&gt;&lt;/pre&gt;&lt;/div&gt;&lt;/div&gt;&lt;div class=&#34;opacity-0 transition group-hover/code:opacity-100 flex gap-1 absolute m-[11px] right-0 top-0&#34;&gt;
    &lt;button
      class=&#34;code-copy-btn group/copybtn transition-all active:opacity-50 bg-primary-700/5 border border-black/5 text-gray-600 hover:text-gray-900 rounded-md p-1.5 dark:bg-primary-300/10 dark:border-white/10 dark:text-gray-400 dark:hover:text-gray-50&#34;
      title=&#34;Copy code&#34;
    &gt;
      &lt;div class=&#34;group-[.copied]/copybtn:hidden copy-icon pointer-events-none h-4 w-4&#34;&gt;&lt;/div&gt;
      &lt;div class=&#34;hidden group-[.copied]/copybtn:block success-icon pointer-events-none h-4 w-4&#34;&gt;&lt;/div&gt;
    &lt;/button&gt;
  &lt;/div&gt;
&lt;/div&gt;
&lt;ul&gt;
&lt;li&gt;Create reservations using data obtained from &lt;code&gt;RouteSearch&lt;/code&gt;.&lt;/li&gt;
&lt;/ul&gt;
&lt;h3&gt;Step 7: Set Reservations to Cart&lt;span class=&#34;absolute -mt-20&#34; id=&#34;step-7-set-reservations-to-cart&#34;&gt;&lt;/span&gt;
    &lt;a href=&#34;#step-7-set-reservations-to-cart&#34; class=&#34;subheading-anchor&#34; aria-label=&#34;Permalink for this section&#34;&gt;&lt;/a&gt;&lt;/h3&gt;&lt;div class=&#34;code-block relative mt-6 first:mt-0 group/code&#34;&gt;&lt;div&gt;&lt;div class=&#34;highlight&#34;&gt;&lt;pre tabindex=&#34;0&#34; class=&#34;chroma&#34;&gt;&lt;code class=&#34;language-plaintext&#34; data-lang=&#34;plaintext&#34;&gt;&lt;span class=&#34;line&#34;&gt;&lt;span class=&#34;cl&#34;&gt;POST /v1/Purchase/ExtSetReservationsToCart&lt;/span&gt;&lt;/span&gt;&lt;/code&gt;&lt;/pre&gt;&lt;/div&gt;&lt;/div&gt;&lt;div class=&#34;opacity-0 transition group-hover/code:opacity-100 flex gap-1 absolute m-[11px] right-0 top-0&#34;&gt;
    &lt;button
      class=&#34;code-copy-btn group/copybtn transition-all active:opacity-50 bg-primary-700/5 border border-black/5 text-gray-600 hover:text-gray-900 rounded-md p-1.5 dark:bg-primary-300/10 dark:border-white/10 dark:text-gray-400 dark:hover:text-gray-50&#34;
      title=&#34;Copy code&#34;
    &gt;
      &lt;div class=&#34;group-[.copied]/copybtn:hidden copy-icon pointer-events-none h-4 w-4&#34;&gt;&lt;/div&gt;
      &lt;div class=&#34;hidden group-[.copied]/copybtn:block success-icon pointer-events-none h-4 w-4&#34;&gt;&lt;/div&gt;
    &lt;/button&gt;
  &lt;/div&gt;
&lt;/div&gt;
&lt;ul&gt;
&lt;li&gt;Add created reservations to a specific cart (&lt;code&gt;cartId&lt;/code&gt;) for a specific connection (&lt;code&gt;searchId&lt;/code&gt;).&lt;/li&gt;
&lt;/ul&gt;
&lt;h3&gt;Step 8: Mark Purchase as Paid&lt;span class=&#34;absolute -mt-20&#34; id=&#34;step-8-mark-purchase-as-paid&#34;&gt;&lt;/span&gt;
    &lt;a href=&#34;#step-8-mark-purchase-as-paid&#34; class=&#34;subheading-anchor&#34; aria-label=&#34;Permalink for this section&#34;&gt;&lt;/a&gt;&lt;/h3&gt;&lt;div class=&#34;code-block relative mt-6 first:mt-0 group/code&#34;&gt;&lt;div&gt;&lt;div class=&#34;highlight&#34;&gt;&lt;pre tabindex=&#34;0&#34; class=&#34;chroma&#34;&gt;&lt;code class=&#34;language-plaintext&#34; data-lang=&#34;plaintext&#34;&gt;&lt;span class=&#34;line&#34;&gt;&lt;span class=&#34;cl&#34;&gt;POST /v1/Purchase/PurchasePaid&lt;/span&gt;&lt;/span&gt;&lt;/code&gt;&lt;/pre&gt;&lt;/div&gt;&lt;/div&gt;&lt;div class=&#34;opacity-0 transition group-hover/code:opacity-100 flex gap-1 absolute m-[11px] right-0 top-0&#34;&gt;
    &lt;button
      class=&#34;code-copy-btn group/copybtn transition-all active:opacity-50 bg-primary-700/5 border border-black/5 text-gray-600 hover:text-gray-900 rounded-md p-1.5 dark:bg-primary-300/10 dark:border-white/10 dark:text-gray-400 dark:hover:text-gray-50&#34;
      title=&#34;Copy code&#34;
    &gt;
      &lt;div class=&#34;group-[.copied]/copybtn:hidden copy-icon pointer-events-none h-4 w-4&#34;&gt;&lt;/div&gt;
      &lt;div class=&#34;hidden group-[.copied]/copybtn:block success-icon pointer-events-none h-4 w-4&#34;&gt;&lt;/div&gt;
    &lt;/button&gt;
  &lt;/div&gt;
&lt;/div&gt;
&lt;ul&gt;
&lt;li&gt;Mark the order as paid using &lt;code&gt;purchaseId&lt;/code&gt;.&lt;/li&gt;
&lt;/ul&gt;
&lt;h3&gt;Step 9: Retrieve Order&lt;span class=&#34;absolute -mt-20&#34; id=&#34;step-9-retrieve-order&#34;&gt;&lt;/span&gt;
    &lt;a href=&#34;#step-9-retrieve-order&#34; class=&#34;subheading-anchor&#34; aria-label=&#34;Permalink for this section&#34;&gt;&lt;/a&gt;&lt;/h3&gt;&lt;div class=&#34;code-block relative mt-6 first:mt-0 group/code&#34;&gt;&lt;div&gt;&lt;div class=&#34;highlight&#34;&gt;&lt;pre tabindex=&#34;0&#34; class=&#34;chroma&#34;&gt;&lt;code class=&#34;language-plaintext&#34; data-lang=&#34;plaintext&#34;&gt;&lt;span class=&#34;line&#34;&gt;&lt;span class=&#34;cl&#34;&gt;GET /v1/Purchase/GetOrder&lt;/span&gt;&lt;/span&gt;&lt;/code&gt;&lt;/pre&gt;&lt;/div&gt;&lt;/div&gt;&lt;div class=&#34;opacity-0 transition group-hover/code:opacity-100 flex gap-1 absolute m-[11px] right-0 top-0&#34;&gt;
    &lt;button
      class=&#34;code-copy-btn group/copybtn transition-all active:opacity-50 bg-primary-700/5 border border-black/5 text-gray-600 hover:text-gray-900 rounded-md p-1.5 dark:bg-primary-300/10 dark:border-white/10 dark:text-gray-400 dark:hover:text-gray-50&#34;
      title=&#34;Copy code&#34;
    &gt;
      &lt;div class=&#34;group-[.copied]/copybtn:hidden copy-icon pointer-events-none h-4 w-4&#34;&gt;&lt;/div&gt;
      &lt;div class=&#34;hidden group-[.copied]/copybtn:block success-icon pointer-events-none h-4 w-4&#34;&gt;&lt;/div&gt;
    &lt;/button&gt;
  &lt;/div&gt;
&lt;/div&gt;
&lt;ul&gt;
&lt;li&gt;Retrieve the order details using &lt;code&gt;orderId&lt;/code&gt;.&lt;/li&gt;
&lt;/ul&gt;

      </description>
    </item>
    
    <item>
      <title>Reservation system</title>
      <link>https://beta-api.arriva.cz/docs/public/docs/api/start/</link>
      <pubDate>Mon, 01 Jan 0001 00:00:00 +0000</pubDate>
      
      <guid>https://beta-api.arriva.cz/docs/public/docs/api/start/</guid>
      <description>
        
        
        &lt;h2&gt;Seating Structure&lt;span class=&#34;absolute -mt-20&#34; id=&#34;seating-structure&#34;&gt;&lt;/span&gt;
    &lt;a href=&#34;#seating-structure&#34; class=&#34;subheading-anchor&#34; aria-label=&#34;Permalink for this section&#34;&gt;&lt;/a&gt;&lt;/h2&gt;&lt;p&gt;Each train consists of one to n vehicles. Vehicles contain contingents, which are abstract blocks of seats or other elements. The type of contingent determines whether it is a mandatory reservation section or a capacity section. Capacity is used for limited resources such as animals, bicycles, etc., which can only be sold in a limited quantity within the vehicles but do not have specific seats.&lt;/p&gt;
&lt;p&gt;The vehicles are then identified by their order in the train and description.&lt;/p&gt;
&lt;h2&gt;Seat Reservation&lt;span class=&#34;absolute -mt-20&#34; id=&#34;seat-reservation&#34;&gt;&lt;/span&gt;
    &lt;a href=&#34;#seat-reservation&#34; class=&#34;subheading-anchor&#34; aria-label=&#34;Permalink for this section&#34;&gt;&lt;/a&gt;&lt;/h2&gt;&lt;h3&gt;Obtaining Input Data&lt;span class=&#34;absolute -mt-20&#34; id=&#34;obtaining-input-data&#34;&gt;&lt;/span&gt;
    &lt;a href=&#34;#obtaining-input-data&#34; class=&#34;subheading-anchor&#34; aria-label=&#34;Permalink for this section&#34;&gt;&lt;/a&gt;&lt;/h3&gt;&lt;p&gt;To successfully reserve a seat, you need to know the route, departure and arrival stations, and the travel date. For stations, we will use a list provided by the call &lt;code&gt;/v1/Constants/GetAllPlaces&lt;/code&gt;. The station list is comprehensive and should be saved locally to avoid excessive communication. Based on the directory, we assign specific identifiers to departure and arrival stations. Now, we call &lt;code&gt;/v1/Route/ExtSearch&lt;/code&gt; to retrieve the line number or the line numbers in the case of transfers.&lt;/p&gt;
&lt;p&gt;Let&amp;rsquo;s say we want to travel on December 5, 2023, at 16:00 from Liberec to Turnov. Liberec has ID=1453, and Turnov has ID=1482. The search will return the line &amp;ldquo;R 1073,&amp;rdquo; where 1073 is the line number.&lt;/p&gt;
&lt;h2&gt;Checking Available Capacity&lt;span class=&#34;absolute -mt-20&#34; id=&#34;checking-available-capacity&#34;&gt;&lt;/span&gt;
    &lt;a href=&#34;#checking-available-capacity&#34; class=&#34;subheading-anchor&#34; aria-label=&#34;Permalink for this section&#34;&gt;&lt;/a&gt;&lt;/h2&gt;&lt;p&gt;At this point, we need to determine if the selected train has available capacity. To do this, we call &lt;code&gt;/v1/Reservation/ExtGetFreeSeatsCount&lt;/code&gt; with the following parameters:&lt;/p&gt;
&lt;div class=&#34;code-block relative mt-6 first:mt-0 group/code&#34;&gt;&lt;div&gt;&lt;div class=&#34;highlight&#34;&gt;&lt;pre tabindex=&#34;0&#34; class=&#34;chroma&#34;&gt;&lt;code class=&#34;language-json&#34; data-lang=&#34;json&#34;&gt;&lt;span class=&#34;line&#34;&gt;&lt;span class=&#34;cl&#34;&gt;&lt;span class=&#34;p&#34;&gt;{&lt;/span&gt;
&lt;/span&gt;&lt;/span&gt;&lt;span class=&#34;line&#34;&gt;&lt;span class=&#34;cl&#34;&gt;  &lt;span class=&#34;nt&#34;&gt;&amp;#34;lineNumber&amp;#34;&lt;/span&gt;&lt;span class=&#34;p&#34;&gt;:&lt;/span&gt; &lt;span class=&#34;s2&#34;&gt;&amp;#34;1073&amp;#34;&lt;/span&gt;&lt;span class=&#34;p&#34;&gt;,&lt;/span&gt;
&lt;/span&gt;&lt;/span&gt;&lt;span class=&#34;line&#34;&gt;&lt;span class=&#34;cl&#34;&gt;  &lt;span class=&#34;nt&#34;&gt;&amp;#34;date&amp;#34;&lt;/span&gt;&lt;span class=&#34;p&#34;&gt;:&lt;/span&gt; &lt;span class=&#34;s2&#34;&gt;&amp;#34;2023-12-05T14:53:20.780Z&amp;#34;&lt;/span&gt;&lt;span class=&#34;p&#34;&gt;,&lt;/span&gt;
&lt;/span&gt;&lt;/span&gt;&lt;span class=&#34;line&#34;&gt;&lt;span class=&#34;cl&#34;&gt;  &lt;span class=&#34;nt&#34;&gt;&amp;#34;traceStationFromId&amp;#34;&lt;/span&gt;&lt;span class=&#34;p&#34;&gt;:&lt;/span&gt; &lt;span class=&#34;mi&#34;&gt;1453&lt;/span&gt;&lt;span class=&#34;p&#34;&gt;,&lt;/span&gt;
&lt;/span&gt;&lt;/span&gt;&lt;span class=&#34;line&#34;&gt;&lt;span class=&#34;cl&#34;&gt;  &lt;span class=&#34;nt&#34;&gt;&amp;#34;traceStationToId&amp;#34;&lt;/span&gt;&lt;span class=&#34;p&#34;&gt;:&lt;/span&gt; &lt;span class=&#34;mi&#34;&gt;1482&lt;/span&gt;
&lt;/span&gt;&lt;/span&gt;&lt;span class=&#34;line&#34;&gt;&lt;span class=&#34;cl&#34;&gt;&lt;span class=&#34;p&#34;&gt;}&lt;/span&gt;&lt;/span&gt;&lt;/span&gt;&lt;/code&gt;&lt;/pre&gt;&lt;/div&gt;&lt;/div&gt;&lt;div class=&#34;opacity-0 transition group-hover/code:opacity-100 flex gap-1 absolute m-[11px] right-0 top-0&#34;&gt;
    &lt;button
      class=&#34;code-copy-btn group/copybtn transition-all active:opacity-50 bg-primary-700/5 border border-black/5 text-gray-600 hover:text-gray-900 rounded-md p-1.5 dark:bg-primary-300/10 dark:border-white/10 dark:text-gray-400 dark:hover:text-gray-50&#34;
      title=&#34;Copy code&#34;
    &gt;
      &lt;div class=&#34;group-[.copied]/copybtn:hidden copy-icon pointer-events-none h-4 w-4&#34;&gt;&lt;/div&gt;
      &lt;div class=&#34;hidden group-[.copied]/copybtn:block success-icon pointer-events-none h-4 w-4&#34;&gt;&lt;/div&gt;
    &lt;/button&gt;
  &lt;/div&gt;
&lt;/div&gt;
&lt;p&gt;The result will be approximately as follows:&lt;/p&gt;
&lt;div class=&#34;code-block relative mt-6 first:mt-0 group/code&#34;&gt;&lt;div&gt;&lt;div class=&#34;highlight&#34;&gt;&lt;pre tabindex=&#34;0&#34; class=&#34;chroma&#34;&gt;&lt;code class=&#34;language-json&#34; data-lang=&#34;json&#34;&gt;&lt;span class=&#34;line&#34;&gt;&lt;span class=&#34;cl&#34;&gt;&lt;span class=&#34;p&#34;&gt;[&lt;/span&gt;
&lt;/span&gt;&lt;/span&gt;&lt;span class=&#34;line&#34;&gt;&lt;span class=&#34;cl&#34;&gt;  &lt;span class=&#34;p&#34;&gt;{&lt;/span&gt;
&lt;/span&gt;&lt;/span&gt;&lt;span class=&#34;line&#34;&gt;&lt;span class=&#34;cl&#34;&gt;    &lt;span class=&#34;nt&#34;&gt;&amp;#34;contingentTypeId&amp;#34;&lt;/span&gt;&lt;span class=&#34;p&#34;&gt;:&lt;/span&gt; &lt;span class=&#34;mi&#34;&gt;1&lt;/span&gt;&lt;span class=&#34;p&#34;&gt;,&lt;/span&gt;
&lt;/span&gt;&lt;/span&gt;&lt;span class=&#34;line&#34;&gt;&lt;span class=&#34;cl&#34;&gt;    &lt;span class=&#34;nt&#34;&gt;&amp;#34;capacityResult&amp;#34;&lt;/span&gt;&lt;span class=&#34;p&#34;&gt;:&lt;/span&gt; &lt;span class=&#34;p&#34;&gt;{&lt;/span&gt;
&lt;/span&gt;&lt;/span&gt;&lt;span class=&#34;line&#34;&gt;&lt;span class=&#34;cl&#34;&gt;      &lt;span class=&#34;nt&#34;&gt;&amp;#34;capacity&amp;#34;&lt;/span&gt;&lt;span class=&#34;p&#34;&gt;:&lt;/span&gt; &lt;span class=&#34;mi&#34;&gt;63&lt;/span&gt;&lt;span class=&#34;p&#34;&gt;,&lt;/span&gt;
&lt;/span&gt;&lt;/span&gt;&lt;span class=&#34;line&#34;&gt;&lt;span class=&#34;cl&#34;&gt;      &lt;span class=&#34;nt&#34;&gt;&amp;#34;available&amp;#34;&lt;/span&gt;&lt;span class=&#34;p&#34;&gt;:&lt;/span&gt; &lt;span class=&#34;mi&#34;&gt;54&lt;/span&gt;
&lt;/span&gt;&lt;/span&gt;&lt;span class=&#34;line&#34;&gt;&lt;span class=&#34;cl&#34;&gt;    &lt;span class=&#34;p&#34;&gt;}&lt;/span&gt;
&lt;/span&gt;&lt;/span&gt;&lt;span class=&#34;line&#34;&gt;&lt;span class=&#34;cl&#34;&gt;  &lt;span class=&#34;p&#34;&gt;}&lt;/span&gt;
&lt;/span&gt;&lt;/span&gt;&lt;span class=&#34;line&#34;&gt;&lt;span class=&#34;cl&#34;&gt;&lt;span class=&#34;p&#34;&gt;]&lt;/span&gt;&lt;/span&gt;&lt;/span&gt;&lt;/code&gt;&lt;/pre&gt;&lt;/div&gt;&lt;/div&gt;&lt;div class=&#34;opacity-0 transition group-hover/code:opacity-100 flex gap-1 absolute m-[11px] right-0 top-0&#34;&gt;
    &lt;button
      class=&#34;code-copy-btn group/copybtn transition-all active:opacity-50 bg-primary-700/5 border border-black/5 text-gray-600 hover:text-gray-900 rounded-md p-1.5 dark:bg-primary-300/10 dark:border-white/10 dark:text-gray-400 dark:hover:text-gray-50&#34;
      title=&#34;Copy code&#34;
    &gt;
      &lt;div class=&#34;group-[.copied]/copybtn:hidden copy-icon pointer-events-none h-4 w-4&#34;&gt;&lt;/div&gt;
      &lt;div class=&#34;hidden group-[.copied]/copybtn:block success-icon pointer-events-none h-4 w-4&#34;&gt;&lt;/div&gt;
    &lt;/button&gt;
  &lt;/div&gt;
&lt;/div&gt;
&lt;p&gt;This means that this train has one contingent of type 1, which corresponds to a mandatory reservation car. Its total capacity is 63 seats, and there are 54 seats available.&lt;/p&gt;
&lt;h2&gt;Seat Reservation&lt;span class=&#34;absolute -mt-20&#34; id=&#34;seat-reservation-1&#34;&gt;&lt;/span&gt;
    &lt;a href=&#34;#seat-reservation-1&#34; class=&#34;subheading-anchor&#34; aria-label=&#34;Permalink for this section&#34;&gt;&lt;/a&gt;&lt;/h2&gt;&lt;p&gt;Suppose we need one seat; we will call &lt;code&gt;/v1/Reservation/ExtMakeReservations&lt;/code&gt; with parameters:&lt;/p&gt;
&lt;div class=&#34;code-block relative mt-6 first:mt-0 group/code&#34;&gt;&lt;div&gt;&lt;div class=&#34;highlight&#34;&gt;&lt;pre tabindex=&#34;0&#34; class=&#34;chroma&#34;&gt;&lt;code class=&#34;language-json&#34; data-lang=&#34;json&#34;&gt;&lt;span class=&#34;line&#34;&gt;&lt;span class=&#34;cl&#34;&gt;&lt;span class=&#34;p&#34;&gt;{&lt;/span&gt;
&lt;/span&gt;&lt;/span&gt;&lt;span class=&#34;line&#34;&gt;&lt;span class=&#34;cl&#34;&gt;  &lt;span class=&#34;nt&#34;&gt;&amp;#34;lineNumber&amp;#34;&lt;/span&gt;&lt;span class=&#34;p&#34;&gt;:&lt;/span&gt; &lt;span class=&#34;s2&#34;&gt;&amp;#34;1073&amp;#34;&lt;/span&gt;&lt;span class=&#34;p&#34;&gt;,&lt;/span&gt;
&lt;/span&gt;&lt;/span&gt;&lt;span class=&#34;line&#34;&gt;&lt;span class=&#34;cl&#34;&gt;  &lt;span class=&#34;nt&#34;&gt;&amp;#34;date&amp;#34;&lt;/span&gt;&lt;span class=&#34;p&#34;&gt;:&lt;/span&gt; &lt;span class=&#34;s2&#34;&gt;&amp;#34;2023-12-05T00:00:00.000Z&amp;#34;&lt;/span&gt;&lt;span class=&#34;p&#34;&gt;,&lt;/span&gt;
&lt;/span&gt;&lt;/span&gt;&lt;span class=&#34;line&#34;&gt;&lt;span class=&#34;cl&#34;&gt;  &lt;span class=&#34;nt&#34;&gt;&amp;#34;traceStationFromId&amp;#34;&lt;/span&gt;&lt;span class=&#34;p&#34;&gt;:&lt;/span&gt; &lt;span class=&#34;mi&#34;&gt;1453&lt;/span&gt;&lt;span class=&#34;p&#34;&gt;,&lt;/span&gt;
&lt;/span&gt;&lt;/span&gt;&lt;span class=&#34;line&#34;&gt;&lt;span class=&#34;cl&#34;&gt;  &lt;span class=&#34;nt&#34;&gt;&amp;#34;traceStationToId&amp;#34;&lt;/span&gt;&lt;span class=&#34;p&#34;&gt;:&lt;/span&gt; &lt;span class=&#34;mi&#34;&gt;1482&lt;/span&gt;&lt;span class=&#34;p&#34;&gt;,&lt;/span&gt;
&lt;/span&gt;&lt;/span&gt;&lt;span class=&#34;line&#34;&gt;&lt;span class=&#34;cl&#34;&gt;  &lt;span class=&#34;nt&#34;&gt;&amp;#34;count&amp;#34;&lt;/span&gt;&lt;span class=&#34;p&#34;&gt;:&lt;/span&gt; &lt;span class=&#34;mi&#34;&gt;1&lt;/span&gt;
&lt;/span&gt;&lt;/span&gt;&lt;span class=&#34;line&#34;&gt;&lt;span class=&#34;cl&#34;&gt;&lt;span class=&#34;p&#34;&gt;}&lt;/span&gt;&lt;/span&gt;&lt;/span&gt;&lt;/code&gt;&lt;/pre&gt;&lt;/div&gt;&lt;/div&gt;&lt;div class=&#34;opacity-0 transition group-hover/code:opacity-100 flex gap-1 absolute m-[11px] right-0 top-0&#34;&gt;
    &lt;button
      class=&#34;code-copy-btn group/copybtn transition-all active:opacity-50 bg-primary-700/5 border border-black/5 text-gray-600 hover:text-gray-900 rounded-md p-1.5 dark:bg-primary-300/10 dark:border-white/10 dark:text-gray-400 dark:hover:text-gray-50&#34;
      title=&#34;Copy code&#34;
    &gt;
      &lt;div class=&#34;group-[.copied]/copybtn:hidden copy-icon pointer-events-none h-4 w-4&#34;&gt;&lt;/div&gt;
      &lt;div class=&#34;hidden group-[.copied]/copybtn:block success-icon pointer-events-none h-4 w-4&#34;&gt;&lt;/div&gt;
    &lt;/button&gt;
  &lt;/div&gt;
&lt;/div&gt;
&lt;p&gt;and receive a response:&lt;/p&gt;
&lt;div class=&#34;code-block relative mt-6 first:mt-0 group/code&#34;&gt;&lt;div&gt;&lt;div class=&#34;highlight&#34;&gt;&lt;pre tabindex=&#34;0&#34; class=&#34;chroma&#34;&gt;&lt;code class=&#34;language-json&#34; data-lang=&#34;json&#34;&gt;&lt;span class=&#34;line&#34;&gt;&lt;span class=&#34;cl&#34;&gt;&lt;span class=&#34;p&#34;&gt;[&lt;/span&gt;
&lt;/span&gt;&lt;/span&gt;&lt;span class=&#34;line&#34;&gt;&lt;span class=&#34;cl&#34;&gt;  &lt;span class=&#34;p&#34;&gt;{&lt;/span&gt;
&lt;/span&gt;&lt;/span&gt;&lt;span class=&#34;line&#34;&gt;&lt;span class=&#34;cl&#34;&gt;    &lt;span class=&#34;nt&#34;&gt;&amp;#34;seat&amp;#34;&lt;/span&gt;&lt;span class=&#34;p&#34;&gt;:&lt;/span&gt; &lt;span class=&#34;p&#34;&gt;{&lt;/span&gt;
&lt;/span&gt;&lt;/span&gt;&lt;span class=&#34;line&#34;&gt;&lt;span class=&#34;cl&#34;&gt;      &lt;span class=&#34;nt&#34;&gt;&amp;#34;isAvailable&amp;#34;&lt;/span&gt;&lt;span class=&#34;p&#34;&gt;:&lt;/span&gt; &lt;span class=&#34;kc&#34;&gt;false&lt;/span&gt;&lt;span class=&#34;p&#34;&gt;,&lt;/span&gt;
&lt;/span&gt;&lt;/span&gt;&lt;span class=&#34;line&#34;&gt;&lt;span class=&#34;cl&#34;&gt;      &lt;span class=&#34;nt&#34;&gt;&amp;#34;seatAttributes&amp;#34;&lt;/span&gt;&lt;span class=&#34;p&#34;&gt;:&lt;/span&gt; &lt;span class=&#34;p&#34;&gt;[&lt;/span&gt;&lt;span class=&#34;s2&#34;&gt;&amp;#34;Window&amp;#34;&lt;/span&gt;&lt;span class=&#34;p&#34;&gt;,&lt;/span&gt; &lt;span class=&#34;s2&#34;&gt;&amp;#34;V230&amp;#34;&lt;/span&gt;&lt;span class=&#34;p&#34;&gt;,&lt;/span&gt; &lt;span class=&#34;s2&#34;&gt;&amp;#34;Silent&amp;#34;&lt;/span&gt;&lt;span class=&#34;p&#34;&gt;],&lt;/span&gt;
&lt;/span&gt;&lt;/span&gt;&lt;span class=&#34;line&#34;&gt;&lt;span class=&#34;cl&#34;&gt;      &lt;span class=&#34;nt&#34;&gt;&amp;#34;isEnabled&amp;#34;&lt;/span&gt;&lt;span class=&#34;p&#34;&gt;:&lt;/span&gt; &lt;span class=&#34;kc&#34;&gt;true&lt;/span&gt;&lt;span class=&#34;p&#34;&gt;,&lt;/span&gt;
&lt;/span&gt;&lt;/span&gt;&lt;span class=&#34;line&#34;&gt;&lt;span class=&#34;cl&#34;&gt;      &lt;span class=&#34;nt&#34;&gt;&amp;#34;description&amp;#34;&lt;/span&gt;&lt;span class=&#34;p&#34;&gt;:&lt;/span&gt; &lt;span class=&#34;s2&#34;&gt;&amp;#34;11&amp;#34;&lt;/span&gt;&lt;span class=&#34;p&#34;&gt;,&lt;/span&gt;
&lt;/span&gt;&lt;/span&gt;&lt;span class=&#34;line&#34;&gt;&lt;span class=&#34;cl&#34;&gt;      &lt;span class=&#34;nt&#34;&gt;&amp;#34;orientation&amp;#34;&lt;/span&gt;&lt;span class=&#34;p&#34;&gt;:&lt;/span&gt; &lt;span class=&#34;s2&#34;&gt;&amp;#34;Backward&amp;#34;&lt;/span&gt;&lt;span class=&#34;p&#34;&gt;,&lt;/span&gt;
&lt;/span&gt;&lt;/span&gt;&lt;span class=&#34;line&#34;&gt;&lt;span class=&#34;cl&#34;&gt;      &lt;span class=&#34;nt&#34;&gt;&amp;#34;coordX&amp;#34;&lt;/span&gt;&lt;span class=&#34;p&#34;&gt;:&lt;/span&gt; &lt;span class=&#34;mi&#34;&gt;0&lt;/span&gt;&lt;span class=&#34;p&#34;&gt;,&lt;/span&gt;
&lt;/span&gt;&lt;/span&gt;&lt;span class=&#34;line&#34;&gt;&lt;span class=&#34;cl&#34;&gt;      &lt;span class=&#34;nt&#34;&gt;&amp;#34;coordY&amp;#34;&lt;/span&gt;&lt;span class=&#34;p&#34;&gt;:&lt;/span&gt; &lt;span class=&#34;mi&#34;&gt;4&lt;/span&gt;&lt;span class=&#34;p&#34;&gt;,&lt;/span&gt;
&lt;/span&gt;&lt;/span&gt;&lt;span class=&#34;line&#34;&gt;&lt;span class=&#34;cl&#34;&gt;      &lt;span class=&#34;nt&#34;&gt;&amp;#34;floor&amp;#34;&lt;/span&gt;&lt;span class=&#34;p&#34;&gt;:&lt;/span&gt; &lt;span class=&#34;mi&#34;&gt;1&lt;/span&gt;&lt;span class=&#34;p&#34;&gt;,&lt;/span&gt;
&lt;/span&gt;&lt;/span&gt;&lt;span class=&#34;line&#34;&gt;&lt;span class=&#34;cl&#34;&gt;      &lt;span class=&#34;nt&#34;&gt;&amp;#34;vehicle&amp;#34;&lt;/span&gt;&lt;span class=&#34;p&#34;&gt;:&lt;/span&gt; &lt;span class=&#34;p&#34;&gt;{&lt;/span&gt;
&lt;/span&gt;&lt;/span&gt;&lt;span class=&#34;line&#34;&gt;&lt;span class=&#34;cl&#34;&gt;        &lt;span class=&#34;nt&#34;&gt;&amp;#34;model&amp;#34;&lt;/span&gt;&lt;span class=&#34;p&#34;&gt;:&lt;/span&gt; &lt;span class=&#34;s2&#34;&gt;&amp;#34;845.P&amp;#34;&lt;/span&gt;&lt;span class=&#34;p&#34;&gt;,&lt;/span&gt;
&lt;/span&gt;&lt;/span&gt;&lt;span class=&#34;line&#34;&gt;&lt;span class=&#34;cl&#34;&gt;        &lt;span class=&#34;nt&#34;&gt;&amp;#34;sequence&amp;#34;&lt;/span&gt;&lt;span class=&#34;p&#34;&gt;:&lt;/span&gt; &lt;span class=&#34;mi&#34;&gt;1&lt;/span&gt;&lt;span class=&#34;p&#34;&gt;,&lt;/span&gt;
&lt;/span&gt;&lt;/span&gt;&lt;span class=&#34;line&#34;&gt;&lt;span class=&#34;cl&#34;&gt;        &lt;span class=&#34;nt&#34;&gt;&amp;#34;description&amp;#34;&lt;/span&gt;&lt;span class=&#34;p&#34;&gt;:&lt;/span&gt; &lt;span class=&#34;s2&#34;&gt;&amp;#34;845-P-L&amp;#34;&lt;/span&gt;&lt;span class=&#34;p&#34;&gt;,&lt;/span&gt;
&lt;/span&gt;&lt;/span&gt;&lt;span class=&#34;line&#34;&gt;&lt;span class=&#34;cl&#34;&gt;        &lt;span class=&#34;nt&#34;&gt;&amp;#34;vehicleAttributes&amp;#34;&lt;/span&gt;&lt;span class=&#34;p&#34;&gt;:&lt;/span&gt; &lt;span class=&#34;p&#34;&gt;[&lt;/span&gt;&lt;span class=&#34;s2&#34;&gt;&amp;#34;WiFi&amp;#34;&lt;/span&gt;&lt;span class=&#34;p&#34;&gt;,&lt;/span&gt; &lt;span class=&#34;s2&#34;&gt;&amp;#34;Silent&amp;#34;&lt;/span&gt;&lt;span class=&#34;p&#34;&gt;,&lt;/span&gt; &lt;span class=&#34;s2&#34;&gt;&amp;#34;V230&amp;#34;&lt;/span&gt;&lt;span class=&#34;p&#34;&gt;],&lt;/span&gt;
&lt;/span&gt;&lt;/span&gt;&lt;span class=&#34;line&#34;&gt;&lt;span class=&#34;cl&#34;&gt;        &lt;span class=&#34;nt&#34;&gt;&amp;#34;seatMap&amp;#34;&lt;/span&gt;&lt;span class=&#34;p&#34;&gt;:&lt;/span&gt; &lt;span class=&#34;p&#34;&gt;[],&lt;/span&gt;
&lt;/span&gt;&lt;/span&gt;&lt;span class=&#34;line&#34;&gt;&lt;span class=&#34;cl&#34;&gt;        &lt;span class=&#34;nt&#34;&gt;&amp;#34;contingents&amp;#34;&lt;/span&gt;&lt;span class=&#34;p&#34;&gt;:&lt;/span&gt; &lt;span class=&#34;p&#34;&gt;[]&lt;/span&gt;
&lt;/span&gt;&lt;/span&gt;&lt;span class=&#34;line&#34;&gt;&lt;span class=&#34;cl&#34;&gt;      &lt;span class=&#34;p&#34;&gt;}&lt;/span&gt;
&lt;/span&gt;&lt;/span&gt;&lt;span class=&#34;line&#34;&gt;&lt;span class=&#34;cl&#34;&gt;    &lt;span class=&#34;p&#34;&gt;},&lt;/span&gt;
&lt;/span&gt;&lt;/span&gt;&lt;span class=&#34;line&#34;&gt;&lt;span class=&#34;cl&#34;&gt;    &lt;span class=&#34;nt&#34;&gt;&amp;#34;externalId&amp;#34;&lt;/span&gt;&lt;span class=&#34;p&#34;&gt;:&lt;/span&gt; &lt;span class=&#34;s2&#34;&gt;&amp;#34;f6066a0f-c9c8-4310-ab8f-8180e525acbc&amp;#34;&lt;/span&gt;&lt;span class=&#34;p&#34;&gt;,&lt;/span&gt;
&lt;/span&gt;&lt;/span&gt;&lt;span class=&#34;line&#34;&gt;&lt;span class=&#34;cl&#34;&gt;    &lt;span class=&#34;nt&#34;&gt;&amp;#34;traceFromId&amp;#34;&lt;/span&gt;&lt;span class=&#34;p&#34;&gt;:&lt;/span&gt; &lt;span class=&#34;mi&#34;&gt;1453&lt;/span&gt;&lt;span class=&#34;p&#34;&gt;,&lt;/span&gt;
&lt;/span&gt;&lt;/span&gt;&lt;span class=&#34;line&#34;&gt;&lt;span class=&#34;cl&#34;&gt;    &lt;span class=&#34;nt&#34;&gt;&amp;#34;traceFromName&amp;#34;&lt;/span&gt;&lt;span class=&#34;p&#34;&gt;:&lt;/span&gt; &lt;span class=&#34;s2&#34;&gt;&amp;#34;Liberec&amp;#34;&lt;/span&gt;&lt;span class=&#34;p&#34;&gt;,&lt;/span&gt;
&lt;/span&gt;&lt;/span&gt;&lt;span class=&#34;line&#34;&gt;&lt;span class=&#34;cl&#34;&gt;    &lt;span class=&#34;nt&#34;&gt;&amp;#34;traceToId&amp;#34;&lt;/span&gt;&lt;span class=&#34;p&#34;&gt;:&lt;/span&gt; &lt;span class=&#34;mi&#34;&gt;1482&lt;/span&gt;&lt;span class=&#34;p&#34;&gt;,&lt;/span&gt;
&lt;/span&gt;&lt;/span&gt;&lt;span class=&#34;line&#34;&gt;&lt;span class=&#34;cl&#34;&gt;    &lt;span class=&#34;nt&#34;&gt;&amp;#34;traceFromSequence&amp;#34;&lt;/span&gt;&lt;span class=&#34;p&#34;&gt;:&lt;/span&gt; &lt;span class=&#34;mi&#34;&gt;1&lt;/span&gt;&lt;span class=&#34;p&#34;&gt;,&lt;/span&gt;
&lt;/span&gt;&lt;/span&gt;&lt;span class=&#34;line&#34;&gt;&lt;span class=&#34;cl&#34;&gt;    &lt;span class=&#34;nt&#34;&gt;&amp;#34;traceToName&amp;#34;&lt;/span&gt;&lt;span class=&#34;p&#34;&gt;:&lt;/span&gt; &lt;span class=&#34;s2&#34;&gt;&amp;#34;Turnov&amp;#34;&lt;/span&gt;&lt;span class=&#34;p&#34;&gt;,&lt;/span&gt;
&lt;/span&gt;&lt;/span&gt;&lt;span class=&#34;line&#34;&gt;&lt;span class=&#34;cl&#34;&gt;    &lt;span class=&#34;nt&#34;&gt;&amp;#34;traceToSequence&amp;#34;&lt;/span&gt;&lt;span class=&#34;p&#34;&gt;:&lt;/span&gt; &lt;span class=&#34;mi&#34;&gt;3&lt;/span&gt;&lt;span class=&#34;p&#34;&gt;,&lt;/span&gt;
&lt;/span&gt;&lt;/span&gt;&lt;span class=&#34;line&#34;&gt;&lt;span class=&#34;cl&#34;&gt;    &lt;span class=&#34;nt&#34;&gt;&amp;#34;expiresAt&amp;#34;&lt;/span&gt;&lt;span class=&#34;p&#34;&gt;:&lt;/span&gt; &lt;span class=&#34;s2&#34;&gt;&amp;#34;2023-11-15T15:56:03.759+01:00&amp;#34;&lt;/span&gt;&lt;span class=&#34;p&#34;&gt;,&lt;/span&gt;
&lt;/span&gt;&lt;/span&gt;&lt;span class=&#34;line&#34;&gt;&lt;span class=&#34;cl&#34;&gt;    &lt;span class=&#34;nt&#34;&gt;&amp;#34;date&amp;#34;&lt;/span&gt;&lt;span class=&#34;p&#34;&gt;:&lt;/span&gt; &lt;span class=&#34;s2&#34;&gt;&amp;#34;2023-12-05T00:00:00&amp;#34;&lt;/span&gt;&lt;span class=&#34;p&#34;&gt;,&lt;/span&gt;
&lt;/span&gt;&lt;/span&gt;&lt;span class=&#34;line&#34;&gt;&lt;span class=&#34;cl&#34;&gt;    &lt;span class=&#34;nt&#34;&gt;&amp;#34;lineNumber&amp;#34;&lt;/span&gt;&lt;span class=&#34;p&#34;&gt;:&lt;/span&gt; &lt;span class=&#34;s2&#34;&gt;&amp;#34;R1073&amp;#34;&lt;/span&gt;&lt;span class=&#34;p&#34;&gt;,&lt;/span&gt;
&lt;/span&gt;&lt;/span&gt;&lt;span class=&#34;line&#34;&gt;&lt;span class=&#34;cl&#34;&gt;    &lt;span class=&#34;nt&#34;&gt;&amp;#34;routeName&amp;#34;&lt;/span&gt;&lt;span class=&#34;p&#34;&gt;:&lt;/span&gt; &lt;span class=&#34;s2&#34;&gt;&amp;#34;R14A&amp;#34;&lt;/span&gt;&lt;span class=&#34;p&#34;&gt;,&lt;/span&gt;
&lt;/span&gt;&lt;/span&gt;&lt;span class=&#34;line&#34;&gt;&lt;span class=&#34;cl&#34;&gt;    &lt;span class=&#34;nt&#34;&gt;&amp;#34;reservationStatus&amp;#34;&lt;/span&gt;&lt;span class=&#34;p&#34;&gt;:&lt;/span&gt; &lt;span class=&#34;s2&#34;&gt;&amp;#34;Temporary&amp;#34;&lt;/span&gt;&lt;span class=&#34;p&#34;&gt;,&lt;/span&gt;
&lt;/span&gt;&lt;/span&gt;&lt;span class=&#34;line&#34;&gt;&lt;span class=&#34;cl&#34;&gt;    &lt;span class=&#34;nt&#34;&gt;&amp;#34;vehicleOrder&amp;#34;&lt;/span&gt;&lt;span class=&#34;p&#34;&gt;:&lt;/span&gt; &lt;span class=&#34;mi&#34;&gt;0&lt;/span&gt;&lt;span class=&#34;p&#34;&gt;,&lt;/span&gt;
&lt;/span&gt;&lt;/span&gt;&lt;span class=&#34;line&#34;&gt;&lt;span class=&#34;cl&#34;&gt;    &lt;span class=&#34;nt&#34;&gt;&amp;#34;reservationType&amp;#34;&lt;/span&gt;&lt;span class=&#34;p&#34;&gt;:&lt;/span&gt; &lt;span class=&#34;s2&#34;&gt;&amp;#34;Reservation&amp;#34;&lt;/span&gt;
&lt;/span&gt;&lt;/span&gt;&lt;span class=&#34;line&#34;&gt;&lt;span class=&#34;cl&#34;&gt;  &lt;span class=&#34;p&#34;&gt;}&lt;/span&gt;
&lt;/span&gt;&lt;/span&gt;&lt;span class=&#34;line&#34;&gt;&lt;span class=&#34;cl&#34;&gt;&lt;span class=&#34;p&#34;&gt;]&lt;/span&gt;&lt;/span&gt;&lt;/span&gt;&lt;/code&gt;&lt;/pre&gt;&lt;/div&gt;&lt;/div&gt;&lt;div class=&#34;opacity-0 transition group-hover/code:opacity-100 flex gap-1 absolute m-[11px] right-0 top-0&#34;&gt;
    &lt;button
      class=&#34;code-copy-btn group/copybtn transition-all active:opacity-50 bg-primary-700/5 border border-black/5 text-gray-600 hover:text-gray-900 rounded-md p-1.5 dark:bg-primary-300/10 dark:border-white/10 dark:text-gray-400 dark:hover:text-gray-50&#34;
      title=&#34;Copy code&#34;
    &gt;
      &lt;div class=&#34;group-[.copied]/copybtn:hidden copy-icon pointer-events-none h-4 w-4&#34;&gt;&lt;/div&gt;
      &lt;div class=&#34;hidden group-[.copied]/copybtn:block success-icon pointer-events-none h-4 w-4&#34;&gt;&lt;/div&gt;
    &lt;/button&gt;
  &lt;/div&gt;
&lt;/div&gt;
&lt;h4&gt;Description of key values:&lt;span class=&#34;absolute -mt-20&#34; id=&#34;description-of-key-values&#34;&gt;&lt;/span&gt;
    &lt;a href=&#34;#description-of-key-values&#34; class=&#34;subheading-anchor&#34; aria-label=&#34;Permalink for this section&#34;&gt;&lt;/a&gt;&lt;/h4&gt;&lt;p&gt;&lt;strong&gt;seat&lt;/strong&gt; describes the selected seat, including its position in the car (coordX, coordY), its attributes (seatAttributes), and information about the vehicle.
&lt;strong&gt;externalId&lt;/strong&gt; is the value used to identify the reservation for future operations.
Next are route information (traceFromId, traceFromName&amp;hellip;), &lt;strong&gt;date&lt;/strong&gt; specifies the travel date, and &lt;strong&gt;lineNumber&lt;/strong&gt; is the line number.
&lt;strong&gt;reservationStatus&lt;/strong&gt; Temporary indicates that it is a temporary reservation with automatic expiration set (&lt;strong&gt;expiresAt&lt;/strong&gt;). After this time, the reservation will cease to exist unless confirmed.&lt;/p&gt;
&lt;h2&gt;Confirming Reservation&lt;span class=&#34;absolute -mt-20&#34; id=&#34;confirming-reservation&#34;&gt;&lt;/span&gt;
    &lt;a href=&#34;#confirming-reservation&#34; class=&#34;subheading-anchor&#34; aria-label=&#34;Permalink for this section&#34;&gt;&lt;/a&gt;&lt;/h2&gt;&lt;p&gt;To confirm the reservation, you need to call &lt;code&gt;/v1/Reservation/ExtConfirmReservations&lt;/code&gt; with the parameter:&lt;/p&gt;
&lt;div class=&#34;code-block relative mt-6 first:mt-0 group/code&#34;&gt;&lt;div&gt;&lt;div class=&#34;highlight&#34;&gt;&lt;pre tabindex=&#34;0&#34; class=&#34;chroma&#34;&gt;&lt;code class=&#34;language-json&#34; data-lang=&#34;json&#34;&gt;&lt;span class=&#34;line&#34;&gt;&lt;span class=&#34;cl&#34;&gt;&lt;span class=&#34;p&#34;&gt;{&lt;/span&gt;
&lt;/span&gt;&lt;/span&gt;&lt;span class=&#34;line&#34;&gt;&lt;span class=&#34;cl&#34;&gt;  &lt;span class=&#34;nt&#34;&gt;&amp;#34;externalReservationsIds&amp;#34;&lt;/span&gt;&lt;span class=&#34;p&#34;&gt;:&lt;/span&gt; &lt;span class=&#34;p&#34;&gt;[&lt;/span&gt;&lt;span class=&#34;s2&#34;&gt;&amp;#34;f6066a0f-c9c8-4310-ab8f-8180e525acbc&amp;#34;&lt;/span&gt;&lt;span class=&#34;p&#34;&gt;]&lt;/span&gt;
&lt;/span&gt;&lt;/span&gt;&lt;span class=&#34;line&#34;&gt;&lt;span class=&#34;cl&#34;&gt;&lt;span class=&#34;p&#34;&gt;}&lt;/span&gt;&lt;/span&gt;&lt;/span&gt;&lt;/code&gt;&lt;/pre&gt;&lt;/div&gt;&lt;/div&gt;&lt;div class=&#34;opacity-0 transition group-hover/code:opacity-100 flex gap-1 absolute m-[11px] right-0 top-0&#34;&gt;
    &lt;button
      class=&#34;code-copy-btn group/copybtn transition-all active:opacity-50 bg-primary-700/5 border border-black/5 text-gray-600 hover:text-gray-900 rounded-md p-1.5 dark:bg-primary-300/10 dark:border-white/10 dark:text-gray-400 dark:hover:text-gray-50&#34;
      title=&#34;Copy code&#34;
    &gt;
      &lt;div class=&#34;group-[.copied]/copybtn:hidden copy-icon pointer-events-none h-4 w-4&#34;&gt;&lt;/div&gt;
      &lt;div class=&#34;hidden group-[.copied]/copybtn:block success-icon pointer-events-none h-4 w-4&#34;&gt;&lt;/div&gt;
    &lt;/button&gt;
  &lt;/div&gt;
&lt;/div&gt;
&lt;p&gt;The response will provide information about the reservation again:&lt;/p&gt;
&lt;div class=&#34;code-block relative mt-6 first:mt-0 group/code&#34;&gt;&lt;div&gt;&lt;div class=&#34;highlight&#34;&gt;&lt;pre tabindex=&#34;0&#34; class=&#34;chroma&#34;&gt;&lt;code class=&#34;language-json&#34; data-lang=&#34;json&#34;&gt;&lt;span class=&#34;line&#34;&gt;&lt;span class=&#34;cl&#34;&gt;&lt;span class=&#34;p&#34;&gt;[&lt;/span&gt;
&lt;/span&gt;&lt;/span&gt;&lt;span class=&#34;line&#34;&gt;&lt;span class=&#34;cl&#34;&gt;  &lt;span class=&#34;p&#34;&gt;{&lt;/span&gt;
&lt;/span&gt;&lt;/span&gt;&lt;span class=&#34;line&#34;&gt;&lt;span class=&#34;cl&#34;&gt;    &lt;span class=&#34;nt&#34;&gt;&amp;#34;seat&amp;#34;&lt;/span&gt;&lt;span class=&#34;p&#34;&gt;:&lt;/span&gt; &lt;span class=&#34;p&#34;&gt;{&lt;/span&gt;
&lt;/span&gt;&lt;/span&gt;&lt;span class=&#34;line&#34;&gt;&lt;span class=&#34;cl&#34;&gt;      &lt;span class=&#34;nt&#34;&gt;&amp;#34;isAvailable&amp;#34;&lt;/span&gt;&lt;span class=&#34;p&#34;&gt;:&lt;/span&gt; &lt;span class=&#34;kc&#34;&gt;false&lt;/span&gt;&lt;span class=&#34;p&#34;&gt;,&lt;/span&gt;
&lt;/span&gt;&lt;/span&gt;&lt;span class=&#34;line&#34;&gt;&lt;span class=&#34;cl&#34;&gt;      &lt;span class=&#34;nt&#34;&gt;&amp;#34;seatAttributes&amp;#34;&lt;/span&gt;&lt;span class=&#34;p&#34;&gt;:&lt;/span&gt; &lt;span class=&#34;p&#34;&gt;[&lt;/span&gt;&lt;span class=&#34;s2&#34;&gt;&amp;#34;Window&amp;#34;&lt;/span&gt;&lt;span class=&#34;p&#34;&gt;,&lt;/span&gt; &lt;span class=&#34;s2&#34;&gt;&amp;#34;V230&amp;#34;&lt;/span&gt;&lt;span class=&#34;p&#34;&gt;,&lt;/span&gt; &lt;span class=&#34;s2&#34;&gt;&amp;#34;Silent&amp;#34;&lt;/span&gt;&lt;span class=&#34;p&#34;&gt;],&lt;/span&gt;
&lt;/span&gt;&lt;/span&gt;&lt;span class=&#34;line&#34;&gt;&lt;span class=&#34;cl&#34;&gt;      &lt;span class=&#34;nt&#34;&gt;&amp;#34;isEnabled&amp;#34;&lt;/span&gt;&lt;span class=&#34;p&#34;&gt;:&lt;/span&gt; &lt;span class=&#34;kc&#34;&gt;false&lt;/span&gt;&lt;span class=&#34;p&#34;&gt;,&lt;/span&gt;
&lt;/span&gt;&lt;/span&gt;&lt;span class=&#34;line&#34;&gt;&lt;span class=&#34;cl&#34;&gt;      &lt;span class=&#34;nt&#34;&gt;&amp;#34;description&amp;#34;&lt;/span&gt;&lt;span class=&#34;p&#34;&gt;:&lt;/span&gt; &lt;span class=&#34;s2&#34;&gt;&amp;#34;11&amp;#34;&lt;/span&gt;&lt;span class=&#34;p&#34;&gt;,&lt;/span&gt;
&lt;/span&gt;&lt;/span&gt;&lt;span class=&#34;line&#34;&gt;&lt;span class=&#34;cl&#34;&gt;      &lt;span class=&#34;nt&#34;&gt;&amp;#34;orientation&amp;#34;&lt;/span&gt;&lt;span class=&#34;p&#34;&gt;:&lt;/span&gt; &lt;span class=&#34;s2&#34;&gt;&amp;#34;Backward&amp;#34;&lt;/span&gt;&lt;span class=&#34;p&#34;&gt;,&lt;/span&gt;
&lt;/span&gt;&lt;/span&gt;&lt;span class=&#34;line&#34;&gt;&lt;span class=&#34;cl&#34;&gt;      &lt;span class=&#34;nt&#34;&gt;&amp;#34;coordX&amp;#34;&lt;/span&gt;&lt;span class=&#34;p&#34;&gt;:&lt;/span&gt; &lt;span class=&#34;mi&#34;&gt;0&lt;/span&gt;&lt;span class=&#34;p&#34;&gt;,&lt;/span&gt;
&lt;/span&gt;&lt;/span&gt;&lt;span class=&#34;line&#34;&gt;&lt;span class=&#34;cl&#34;&gt;      &lt;span class=&#34;nt&#34;&gt;&amp;#34;coordY&amp;#34;&lt;/span&gt;&lt;span class=&#34;p&#34;&gt;:&lt;/span&gt; &lt;span class=&#34;mi&#34;&gt;4&lt;/span&gt;&lt;span class=&#34;p&#34;&gt;,&lt;/span&gt;
&lt;/span&gt;&lt;/span&gt;&lt;span class=&#34;line&#34;&gt;&lt;span class=&#34;cl&#34;&gt;      &lt;span class=&#34;nt&#34;&gt;&amp;#34;floor&amp;#34;&lt;/span&gt;&lt;span class=&#34;p&#34;&gt;:&lt;/span&gt; &lt;span class=&#34;mi&#34;&gt;1&lt;/span&gt;&lt;span class=&#34;p&#34;&gt;,&lt;/span&gt;
&lt;/span&gt;&lt;/span&gt;&lt;span class=&#34;line&#34;&gt;&lt;span class=&#34;cl&#34;&gt;      &lt;span class=&#34;nt&#34;&gt;&amp;#34;vehicle&amp;#34;&lt;/span&gt;&lt;span class=&#34;p&#34;&gt;:&lt;/span&gt; &lt;span class=&#34;p&#34;&gt;{&lt;/span&gt;
&lt;/span&gt;&lt;/span&gt;&lt;span class=&#34;line&#34;&gt;&lt;span class=&#34;cl&#34;&gt;        &lt;span class=&#34;nt&#34;&gt;&amp;#34;model&amp;#34;&lt;/span&gt;&lt;span class=&#34;p&#34;&gt;:&lt;/span&gt; &lt;span class=&#34;s2&#34;&gt;&amp;#34;845.P&amp;#34;&lt;/span&gt;&lt;span class=&#34;p&#34;&gt;,&lt;/span&gt;
&lt;/span&gt;&lt;/span&gt;&lt;span class=&#34;line&#34;&gt;&lt;span class=&#34;cl&#34;&gt;        &lt;span class=&#34;nt&#34;&gt;&amp;#34;sequence&amp;#34;&lt;/span&gt;&lt;span class=&#34;p&#34;&gt;:&lt;/span&gt; &lt;span class=&#34;mi&#34;&gt;1&lt;/span&gt;&lt;span class=&#34;p&#34;&gt;,&lt;/span&gt;
&lt;/span&gt;&lt;/span&gt;&lt;span class=&#34;line&#34;&gt;&lt;span class=&#34;cl&#34;&gt;        &lt;span class=&#34;nt&#34;&gt;&amp;#34;description&amp;#34;&lt;/span&gt;&lt;span class=&#34;p&#34;&gt;:&lt;/span&gt; &lt;span class=&#34;s2&#34;&gt;&amp;#34;845-P-L&amp;#34;&lt;/span&gt;&lt;span class=&#34;p&#34;&gt;,&lt;/span&gt;
&lt;/span&gt;&lt;/span&gt;&lt;span class=&#34;line&#34;&gt;&lt;span class=&#34;cl&#34;&gt;        &lt;span class=&#34;nt&#34;&gt;&amp;#34;vehicleAttributes&amp;#34;&lt;/span&gt;&lt;span class=&#34;p&#34;&gt;:&lt;/span&gt; &lt;span class=&#34;p&#34;&gt;[],&lt;/span&gt;
&lt;/span&gt;&lt;/span&gt;&lt;span class=&#34;line&#34;&gt;&lt;span class=&#34;cl&#34;&gt;        &lt;span class=&#34;nt&#34;&gt;&amp;#34;seatMap&amp;#34;&lt;/span&gt;&lt;span class=&#34;p&#34;&gt;:&lt;/span&gt; &lt;span class=&#34;p&#34;&gt;[],&lt;/span&gt;
&lt;/span&gt;&lt;/span&gt;&lt;span class=&#34;line&#34;&gt;&lt;span class=&#34;cl&#34;&gt;        &lt;span class=&#34;nt&#34;&gt;&amp;#34;contingents&amp;#34;&lt;/span&gt;&lt;span class=&#34;p&#34;&gt;:&lt;/span&gt; &lt;span class=&#34;p&#34;&gt;[]&lt;/span&gt;
&lt;/span&gt;&lt;/span&gt;&lt;span class=&#34;line&#34;&gt;&lt;span class=&#34;cl&#34;&gt;      &lt;span class=&#34;p&#34;&gt;}&lt;/span&gt;
&lt;/span&gt;&lt;/span&gt;&lt;span class=&#34;line&#34;&gt;&lt;span class=&#34;cl&#34;&gt;    &lt;span class=&#34;p&#34;&gt;},&lt;/span&gt;
&lt;/span&gt;&lt;/span&gt;&lt;span class=&#34;line&#34;&gt;&lt;span class=&#34;cl&#34;&gt;    &lt;span class=&#34;nt&#34;&gt;&amp;#34;externalId&amp;#34;&lt;/span&gt;&lt;span class=&#34;p&#34;&gt;:&lt;/span&gt; &lt;span class=&#34;s2&#34;&gt;&amp;#34;f6066a0f-c9c8-4310-ab8f-8180e525acbc&amp;#34;&lt;/span&gt;&lt;span class=&#34;p&#34;&gt;,&lt;/span&gt;
&lt;/span&gt;&lt;/span&gt;&lt;span class=&#34;line&#34;&gt;&lt;span class=&#34;cl&#34;&gt;    &lt;span class=&#34;nt&#34;&gt;&amp;#34;traceFromId&amp;#34;&lt;/span&gt;&lt;span class=&#34;p&#34;&gt;:&lt;/span&gt; &lt;span class=&#34;mi&#34;&gt;1453&lt;/span&gt;&lt;span class=&#34;p&#34;&gt;,&lt;/span&gt;
&lt;/span&gt;&lt;/span&gt;&lt;span class=&#34;line&#34;&gt;&lt;span class=&#34;cl&#34;&gt;    &lt;span class=&#34;nt&#34;&gt;&amp;#34;traceFromName&amp;#34;&lt;/span&gt;&lt;span class=&#34;p&#34;&gt;:&lt;/span&gt; &lt;span class=&#34;s2&#34;&gt;&amp;#34;Liberec&amp;#34;&lt;/span&gt;&lt;span class=&#34;p&#34;&gt;,&lt;/span&gt;
&lt;/span&gt;&lt;/span&gt;&lt;span class=&#34;line&#34;&gt;&lt;span class=&#34;cl&#34;&gt;    &lt;span class=&#34;nt&#34;&gt;&amp;#34;traceToId&amp;#34;&lt;/span&gt;&lt;span class=&#34;p&#34;&gt;:&lt;/span&gt; &lt;span class=&#34;mi&#34;&gt;1482&lt;/span&gt;&lt;span class=&#34;p&#34;&gt;,&lt;/span&gt;
&lt;/span&gt;&lt;/span&gt;&lt;span class=&#34;line&#34;&gt;&lt;span class=&#34;cl&#34;&gt;    &lt;span class=&#34;nt&#34;&gt;&amp;#34;traceFromSequence&amp;#34;&lt;/span&gt;&lt;span class=&#34;p&#34;&gt;:&lt;/span&gt; &lt;span class=&#34;mi&#34;&gt;1&lt;/span&gt;&lt;span class=&#34;p&#34;&gt;,&lt;/span&gt;
&lt;/span&gt;&lt;/span&gt;&lt;span class=&#34;line&#34;&gt;&lt;span class=&#34;cl&#34;&gt;    &lt;span class=&#34;nt&#34;&gt;&amp;#34;traceToName&amp;#34;&lt;/span&gt;&lt;span class=&#34;p&#34;&gt;:&lt;/span&gt; &lt;span class=&#34;s2&#34;&gt;&amp;#34;Turnov&amp;#34;&lt;/span&gt;&lt;span class=&#34;p&#34;&gt;,&lt;/span&gt;
&lt;/span&gt;&lt;/span&gt;&lt;span class=&#34;line&#34;&gt;&lt;span class=&#34;cl&#34;&gt;    &lt;span class=&#34;nt&#34;&gt;&amp;#34;traceToSequence&amp;#34;&lt;/span&gt;&lt;span class=&#34;p&#34;&gt;:&lt;/span&gt; &lt;span class=&#34;mi&#34;&gt;3&lt;/span&gt;&lt;span class=&#34;p&#34;&gt;,&lt;/span&gt;
&lt;/span&gt;&lt;/span&gt;&lt;span class=&#34;line&#34;&gt;&lt;span class=&#34;cl&#34;&gt;    &lt;span class=&#34;nt&#34;&gt;&amp;#34;expiresAt&amp;#34;&lt;/span&gt;&lt;span class=&#34;p&#34;&gt;:&lt;/span&gt; &lt;span class=&#34;kc&#34;&gt;null&lt;/span&gt;&lt;span class=&#34;p&#34;&gt;,&lt;/span&gt;
&lt;/span&gt;&lt;/span&gt;&lt;span class=&#34;line&#34;&gt;&lt;span class=&#34;cl&#34;&gt;    &lt;span class=&#34;nt&#34;&gt;&amp;#34;date&amp;#34;&lt;/span&gt;&lt;span class=&#34;p&#34;&gt;:&lt;/span&gt; &lt;span class=&#34;s2&#34;&gt;&amp;#34;2023-12-05T00:00:00&amp;#34;&lt;/span&gt;&lt;span class=&#34;p&#34;&gt;,&lt;/span&gt;
&lt;/span&gt;&lt;/span&gt;&lt;span class=&#34;line&#34;&gt;&lt;span class=&#34;cl&#34;&gt;    &lt;span class=&#34;nt&#34;&gt;&amp;#34;lineNumber&amp;#34;&lt;/span&gt;&lt;span class=&#34;p&#34;&gt;:&lt;/span&gt; &lt;span class=&#34;s2&#34;&gt;&amp;#34;R1073&amp;#34;&lt;/span&gt;&lt;span class=&#34;p&#34;&gt;,&lt;/span&gt;
&lt;/span&gt;&lt;/span&gt;&lt;span class=&#34;line&#34;&gt;&lt;span class=&#34;cl&#34;&gt;    &lt;span class=&#34;nt&#34;&gt;&amp;#34;routeName&amp;#34;&lt;/span&gt;&lt;span class=&#34;p&#34;&gt;:&lt;/span&gt; &lt;span class=&#34;s2&#34;&gt;&amp;#34;R14A&amp;#34;&lt;/span&gt;&lt;span class=&#34;p&#34;&gt;,&lt;/span&gt;
&lt;/span&gt;&lt;/span&gt;&lt;span class=&#34;line&#34;&gt;&lt;span class=&#34;cl&#34;&gt;    &lt;span class=&#34;nt&#34;&gt;&amp;#34;reservationStatus&amp;#34;&lt;/span&gt;&lt;span class=&#34;p&#34;&gt;:&lt;/span&gt; &lt;span class=&#34;s2&#34;&gt;&amp;#34;Confirmed&amp;#34;&lt;/span&gt;&lt;span class=&#34;p&#34;&gt;,&lt;/span&gt;
&lt;/span&gt;&lt;/span&gt;&lt;span class=&#34;line&#34;&gt;&lt;span class=&#34;cl&#34;&gt;    &lt;span class=&#34;nt&#34;&gt;&amp;#34;vehicleOrder&amp;#34;&lt;/span&gt;&lt;span class=&#34;p&#34;&gt;:&lt;/span&gt; &lt;span class=&#34;mi&#34;&gt;0&lt;/span&gt;&lt;span class=&#34;p&#34;&gt;,&lt;/span&gt;
&lt;/span&gt;&lt;/span&gt;&lt;span class=&#34;line&#34;&gt;&lt;span class=&#34;cl&#34;&gt;    &lt;span class=&#34;nt&#34;&gt;&amp;#34;reservationType&amp;#34;&lt;/span&gt;&lt;span class=&#34;p&#34;&gt;:&lt;/span&gt; &lt;span class=&#34;s2&#34;&gt;&amp;#34;Reservation&amp;#34;&lt;/span&gt;
&lt;/span&gt;&lt;/span&gt;&lt;span class=&#34;line&#34;&gt;&lt;span class=&#34;cl&#34;&gt;  &lt;span class=&#34;p&#34;&gt;}&lt;/span&gt;
&lt;/span&gt;&lt;/span&gt;&lt;span class=&#34;line&#34;&gt;&lt;span class=&#34;cl&#34;&gt;&lt;span class=&#34;p&#34;&gt;]&lt;/span&gt;&lt;/span&gt;&lt;/span&gt;&lt;/code&gt;&lt;/pre&gt;&lt;/div&gt;&lt;/div&gt;&lt;div class=&#34;opacity-0 transition group-hover/code:opacity-100 flex gap-1 absolute m-[11px] right-0 top-0&#34;&gt;
    &lt;button
      class=&#34;code-copy-btn group/copybtn transition-all active:opacity-50 bg-primary-700/5 border border-black/5 text-gray-600 hover:text-gray-900 rounded-md p-1.5 dark:bg-primary-300/10 dark:border-white/10 dark:text-gray-400 dark:hover:text-gray-50&#34;
      title=&#34;Copy code&#34;
    &gt;
      &lt;div class=&#34;group-[.copied]/copybtn:hidden copy-icon pointer-events-none h-4 w-4&#34;&gt;&lt;/div&gt;
      &lt;div class=&#34;hidden group-[.copied]/copybtn:block success-icon pointer-events-none h-4 w-4&#34;&gt;&lt;/div&gt;
    &lt;/button&gt;
  &lt;/div&gt;
&lt;/div&gt;
&lt;p&gt;Now, the &lt;strong&gt;reservationStatus&lt;/strong&gt; is set to Confirmed, and the value of &lt;strong&gt;expiresAt&lt;/strong&gt; is &lt;em&gt;NULL&lt;/em&gt;.&lt;/p&gt;
&lt;h2&gt;Releasing Temporary Reservations&lt;span class=&#34;absolute -mt-20&#34; id=&#34;releasing-temporary-reservations&#34;&gt;&lt;/span&gt;
    &lt;a href=&#34;#releasing-temporary-reservations&#34; class=&#34;subheading-anchor&#34; aria-label=&#34;Permalink for this section&#34;&gt;&lt;/a&gt;&lt;/h2&gt;&lt;p&gt;If a purchase is canceled without confirmation, instead of confirmation, call &lt;code&gt;/v1/Reservation/ExtReleaseReservations&lt;/code&gt; with the parameter:&lt;/p&gt;
&lt;div class=&#34;code-block relative mt-6 first:mt-0 group/code&#34;&gt;&lt;div&gt;&lt;div class=&#34;highlight&#34;&gt;&lt;pre tabindex=&#34;0&#34; class=&#34;chroma&#34;&gt;&lt;code class=&#34;language-json&#34; data-lang=&#34;json&#34;&gt;&lt;span class=&#34;line&#34;&gt;&lt;span class=&#34;cl&#34;&gt;&lt;span class=&#34;p&#34;&gt;{&lt;/span&gt;
&lt;/span&gt;&lt;/span&gt;&lt;span class=&#34;line&#34;&gt;&lt;span class=&#34;cl&#34;&gt;  &lt;span class=&#34;nt&#34;&gt;&amp;#34;externalReservationsIds&amp;#34;&lt;/span&gt;&lt;span class=&#34;p&#34;&gt;:&lt;/span&gt; &lt;span class=&#34;p&#34;&gt;[&lt;/span&gt;&lt;span class=&#34;s2&#34;&gt;&amp;#34;e56a9c34-6ab3-4817-b013-d2d31eecd457&amp;#34;&lt;/span&gt;&lt;span class=&#34;p&#34;&gt;]&lt;/span&gt;
&lt;/span&gt;&lt;/span&gt;&lt;span class=&#34;line&#34;&gt;&lt;span class=&#34;cl&#34;&gt;&lt;span class=&#34;p&#34;&gt;}&lt;/span&gt;&lt;/span&gt;&lt;/span&gt;&lt;/code&gt;&lt;/pre&gt;&lt;/div&gt;&lt;/div&gt;&lt;div class=&#34;opacity-0 transition group-hover/code:opacity-100 flex gap-1 absolute m-[11px] right-0 top-0&#34;&gt;
    &lt;button
      class=&#34;code-copy-btn group/copybtn transition-all active:opacity-50 bg-primary-700/5 border border-black/5 text-gray-600 hover:text-gray-900 rounded-md p-1.5 dark:bg-primary-300/10 dark:border-white/10 dark:text-gray-400 dark:hover:text-gray-50&#34;
      title=&#34;Copy code&#34;
    &gt;
      &lt;div class=&#34;group-[.copied]/copybtn:hidden copy-icon pointer-events-none h-4 w-4&#34;&gt;&lt;/div&gt;
      &lt;div class=&#34;hidden group-[.copied]/copybtn:block success-icon pointer-events-none h-4 w-4&#34;&gt;&lt;/div&gt;
    &lt;/button&gt;
  &lt;/div&gt;
&lt;/div&gt;
&lt;p&gt;This will return only &lt;em&gt;true/false&lt;/em&gt;. It releases the reserved seat for other customers, and there is no need to wait for the expiration.&lt;/p&gt;

      </description>
    </item>
    
  </channel>
</rss>
