<rss version="2.0" xmlns:atom="http://www.w3.org/2005/Atom">
  <channel>
    <title>ArrivAPI – E-shop</title>
    <link>https://beta-api.arriva.cz/docs/public/cs/docs/e-shop/</link>
    <description>Recent content in E-shop on ArrivAPI</description>
    <generator>Hugo -- gohugo.io</generator>
    <language>cs</language>
    
	  <atom:link href="https://beta-api.arriva.cz/docs/public/cs/docs/e-shop/index.xml" rel="self" type="application/rss+xml" />
    
    
      
        
      
    
    
    <item>
      <title>Průvodce integrací s externím API</title>
      <link>https://beta-api.arriva.cz/docs/public/cs/docs/e-shop/start/</link>
      <pubDate>Mon, 01 Jan 0001 00:00:00 +0000</pubDate>
      
      <guid>https://beta-api.arriva.cz/docs/public/cs/docs/e-shop/start/</guid>
      <description>
        
        
        &lt;h2&gt;1. Příprava&lt;span class=&#34;absolute -mt-20&#34; id=&#34;1-příprava&#34;&gt;&lt;/span&gt;
    &lt;a href=&#34;#1-p%c5%99%c3%adprava&#34; class=&#34;subheading-anchor&#34; aria-label=&#34;Permalink for this section&#34;&gt;&lt;/a&gt;&lt;/h2&gt;&lt;p&gt;Před provedením jakýchkoli API volání je nutné získat bearer token. Tento token lze získat odesláním &lt;code&gt;POST&lt;/code&gt; požadavku na &lt;code&gt;/v1/Authentication/ExtAuthenticate&lt;/code&gt; s uživatelským jménem a heslem v těle požadavku.&lt;/p&gt;
&lt;ul&gt;
&lt;li&gt;&lt;strong&gt;Autentizace&lt;/strong&gt;: Získání bearer tokenu pomocí &lt;code&gt;POST&lt;/code&gt; požadavku na &lt;code&gt;/v1/Authentication/ExtAuthenticate&lt;/code&gt; s vaším uživatelským jménem a heslem v těle požadavku.&lt;/li&gt;
&lt;/ul&gt;
&lt;p&gt;Pro práci s API je třeba získat několik konstant, včetně seznamů míst, tarifů a dalších. Konkrétně je třeba volat:&lt;/p&gt;
&lt;ul&gt;
&lt;li&gt;&lt;code&gt;/v1/Constants/ExtAllPlaceTypes&lt;/code&gt;&lt;/li&gt;
&lt;li&gt;&lt;code&gt;/v1/Constants/ExtAllPlaces&lt;/code&gt;&lt;/li&gt;
&lt;li&gt;&lt;code&gt;/v1/Constants/ExtAllCompanies&lt;/code&gt;&lt;/li&gt;
&lt;li&gt;&lt;code&gt;/v1/Constants/AllPassengerCategories&lt;/code&gt;&lt;/li&gt;
&lt;/ul&gt;
&lt;h2&gt;2. Proces nákupu&lt;span class=&#34;absolute -mt-20&#34; id=&#34;2-proces-nákupu&#34;&gt;&lt;/span&gt;
    &lt;a href=&#34;#2-proces-n%c3%a1kupu&#34; class=&#34;subheading-anchor&#34; aria-label=&#34;Permalink for this section&#34;&gt;&lt;/a&gt;&lt;/h2&gt;&lt;h3&gt;Krok 1: Autentizace&lt;span class=&#34;absolute -mt-20&#34; id=&#34;krok-1-autentizace&#34;&gt;&lt;/span&gt;
    &lt;a href=&#34;#krok-1-autentizace&#34; class=&#34;subheading-anchor&#34; aria-label=&#34;Permalink for this section&#34;&gt;&lt;/a&gt;&lt;/h3&gt;&lt;div class=&#34;code-block relative mt-6 first:mt-0 group/code&#34;&gt;&lt;div&gt;&lt;div class=&#34;highlight&#34;&gt;&lt;pre tabindex=&#34;0&#34; class=&#34;chroma&#34;&gt;&lt;code class=&#34;language-plaintext&#34; data-lang=&#34;plaintext&#34;&gt;&lt;span class=&#34;line&#34;&gt;&lt;span class=&#34;cl&#34;&gt;POST /v1/Authentication/ExtAuthenticate&lt;/span&gt;&lt;/span&gt;&lt;/code&gt;&lt;/pre&gt;&lt;/div&gt;&lt;/div&gt;&lt;div class=&#34;opacity-0 transition group-hover/code:opacity-100 flex gap-1 absolute m-[11px] right-0 top-0&#34;&gt;
    &lt;button
      class=&#34;code-copy-btn group/copybtn transition-all active:opacity-50 bg-primary-700/5 border border-black/5 text-gray-600 hover:text-gray-900 rounded-md p-1.5 dark:bg-primary-300/10 dark:border-white/10 dark:text-gray-400 dark:hover:text-gray-50&#34;
      title=&#34;Zkopírovat kód&#34;
    &gt;
      &lt;div class=&#34;group-[.copied]/copybtn:hidden copy-icon pointer-events-none h-4 w-4&#34;&gt;&lt;/div&gt;
      &lt;div class=&#34;hidden group-[.copied]/copybtn:block success-icon pointer-events-none h-4 w-4&#34;&gt;&lt;/div&gt;
    &lt;/button&gt;
  &lt;/div&gt;
&lt;/div&gt;
&lt;ul&gt;
&lt;li&gt;Odeslání uživatelského jména a hesla v požadavku.&lt;/li&gt;
&lt;li&gt;Obdržení bearer tokenu v odpovědi, který se použije pro všechna následující volání.&lt;/li&gt;
&lt;/ul&gt;
&lt;h3&gt;Krok 2: Hledání míst&lt;span class=&#34;absolute -mt-20&#34; id=&#34;krok-2-hledání-míst&#34;&gt;&lt;/span&gt;
    &lt;a href=&#34;#krok-2-hled%c3%a1n%c3%ad-m%c3%adst&#34; class=&#34;subheading-anchor&#34; aria-label=&#34;Permalink for this section&#34;&gt;&lt;/a&gt;&lt;/h3&gt;&lt;ul&gt;
&lt;li&gt;Vyhledávání místa odjezdu a příjezdu, například &amp;ldquo;Praha&amp;rdquo; (id: 2236), &amp;ldquo;Příbram&amp;rdquo; (id: 3062).&lt;/li&gt;
&lt;li&gt;Ukládání ID míst pro vyhledávání spojení.&lt;/li&gt;
&lt;li&gt;Nastavení &lt;code&gt;limit: 10&lt;/code&gt; pro omezení počtu výsledků.&lt;/li&gt;
&lt;/ul&gt;
&lt;h3&gt;Krok 3: Hledání tras&lt;span class=&#34;absolute -mt-20&#34; id=&#34;krok-3-hledání-tras&#34;&gt;&lt;/span&gt;
    &lt;a href=&#34;#krok-3-hled%c3%a1n%c3%ad-tras&#34; class=&#34;subheading-anchor&#34; aria-label=&#34;Permalink for this section&#34;&gt;&lt;/a&gt;&lt;/h3&gt;&lt;div class=&#34;code-block relative mt-6 first:mt-0 group/code&#34;&gt;&lt;div&gt;&lt;div class=&#34;highlight&#34;&gt;&lt;pre tabindex=&#34;0&#34; class=&#34;chroma&#34;&gt;&lt;code class=&#34;language-plaintext&#34; data-lang=&#34;plaintext&#34;&gt;&lt;span class=&#34;line&#34;&gt;&lt;span class=&#34;cl&#34;&gt;POST /v1/Route/ExtSearch&lt;/span&gt;&lt;/span&gt;&lt;/code&gt;&lt;/pre&gt;&lt;/div&gt;&lt;/div&gt;&lt;div class=&#34;opacity-0 transition group-hover/code:opacity-100 flex gap-1 absolute m-[11px] right-0 top-0&#34;&gt;
    &lt;button
      class=&#34;code-copy-btn group/copybtn transition-all active:opacity-50 bg-primary-700/5 border border-black/5 text-gray-600 hover:text-gray-900 rounded-md p-1.5 dark:bg-primary-300/10 dark:border-white/10 dark:text-gray-400 dark:hover:text-gray-50&#34;
      title=&#34;Zkopírovat kód&#34;
    &gt;
      &lt;div class=&#34;group-[.copied]/copybtn:hidden copy-icon pointer-events-none h-4 w-4&#34;&gt;&lt;/div&gt;
      &lt;div class=&#34;hidden group-[.copied]/copybtn:block success-icon pointer-events-none h-4 w-4&#34;&gt;&lt;/div&gt;
    &lt;/button&gt;
  &lt;/div&gt;
&lt;/div&gt;
&lt;ul&gt;
&lt;li&gt;Požadované parametry: &lt;code&gt;sourcePlaceId&lt;/code&gt;, &lt;code&gt;targetPlaceId&lt;/code&gt; a &lt;code&gt;date&lt;/code&gt;.&lt;/li&gt;
&lt;li&gt;Nepovinné parametry lze odstranit, pokud nejsou potřeba.&lt;/li&gt;
&lt;li&gt;Příklad zprávy:&lt;/li&gt;
&lt;/ul&gt;
&lt;div class=&#34;code-block relative mt-6 first:mt-0 group/code&#34;&gt;&lt;div&gt;&lt;div class=&#34;highlight&#34;&gt;&lt;pre tabindex=&#34;0&#34; class=&#34;chroma&#34;&gt;&lt;code class=&#34;language-json&#34; data-lang=&#34;json&#34;&gt;&lt;span class=&#34;line&#34;&gt;&lt;span class=&#34;cl&#34;&gt;&lt;span class=&#34;p&#34;&gt;{&lt;/span&gt;
&lt;/span&gt;&lt;/span&gt;&lt;span class=&#34;line&#34;&gt;&lt;span class=&#34;cl&#34;&gt;  &lt;span class=&#34;nt&#34;&gt;&amp;#34;sourcePlaceId&amp;#34;&lt;/span&gt;&lt;span class=&#34;p&#34;&gt;:&lt;/span&gt; &lt;span class=&#34;mi&#34;&gt;2236&lt;/span&gt;&lt;span class=&#34;p&#34;&gt;,&lt;/span&gt;
&lt;/span&gt;&lt;/span&gt;&lt;span class=&#34;line&#34;&gt;&lt;span class=&#34;cl&#34;&gt;  &lt;span class=&#34;nt&#34;&gt;&amp;#34;targetPlaceId&amp;#34;&lt;/span&gt;&lt;span class=&#34;p&#34;&gt;:&lt;/span&gt; &lt;span class=&#34;mi&#34;&gt;3062&lt;/span&gt;&lt;span class=&#34;p&#34;&gt;,&lt;/span&gt;
&lt;/span&gt;&lt;/span&gt;&lt;span class=&#34;line&#34;&gt;&lt;span class=&#34;cl&#34;&gt;  &lt;span class=&#34;nt&#34;&gt;&amp;#34;dateTime&amp;#34;&lt;/span&gt;&lt;span class=&#34;p&#34;&gt;:&lt;/span&gt; &lt;span class=&#34;s2&#34;&gt;&amp;#34;2023-11-08T10:34:22.791Z&amp;#34;&lt;/span&gt;
&lt;/span&gt;&lt;/span&gt;&lt;span class=&#34;line&#34;&gt;&lt;span class=&#34;cl&#34;&gt;&lt;span class=&#34;p&#34;&gt;}&lt;/span&gt;&lt;/span&gt;&lt;/span&gt;&lt;/code&gt;&lt;/pre&gt;&lt;/div&gt;&lt;/div&gt;&lt;div class=&#34;opacity-0 transition group-hover/code:opacity-100 flex gap-1 absolute m-[11px] right-0 top-0&#34;&gt;
    &lt;button
      class=&#34;code-copy-btn group/copybtn transition-all active:opacity-50 bg-primary-700/5 border border-black/5 text-gray-600 hover:text-gray-900 rounded-md p-1.5 dark:bg-primary-300/10 dark:border-white/10 dark:text-gray-400 dark:hover:text-gray-50&#34;
      title=&#34;Zkopírovat kód&#34;
    &gt;
      &lt;div class=&#34;group-[.copied]/copybtn:hidden copy-icon pointer-events-none h-4 w-4&#34;&gt;&lt;/div&gt;
      &lt;div class=&#34;hidden group-[.copied]/copybtn:block success-icon pointer-events-none h-4 w-4&#34;&gt;&lt;/div&gt;
    &lt;/button&gt;
  &lt;/div&gt;
&lt;/div&gt;
&lt;ul&gt;
&lt;li&gt;Obdržení &lt;code&gt;searchId&lt;/code&gt; v odpovědi.&lt;/li&gt;
&lt;/ul&gt;
&lt;h3&gt;Krok 4: Zahájení procesu nákupu&lt;span class=&#34;absolute -mt-20&#34; id=&#34;krok-4-zahájení-procesu-nákupu&#34;&gt;&lt;/span&gt;
    &lt;a href=&#34;#krok-4-zah%c3%a1jen%c3%ad-procesu-n%c3%a1kupu&#34; class=&#34;subheading-anchor&#34; aria-label=&#34;Permalink for this section&#34;&gt;&lt;/a&gt;&lt;/h3&gt;&lt;div class=&#34;code-block relative mt-6 first:mt-0 group/code&#34;&gt;&lt;div&gt;&lt;div class=&#34;highlight&#34;&gt;&lt;pre tabindex=&#34;0&#34; class=&#34;chroma&#34;&gt;&lt;code class=&#34;language-plaintext&#34; data-lang=&#34;plaintext&#34;&gt;&lt;span class=&#34;line&#34;&gt;&lt;span class=&#34;cl&#34;&gt;POST /v1/Purchase/ExtBegin&lt;/span&gt;&lt;/span&gt;&lt;/code&gt;&lt;/pre&gt;&lt;/div&gt;&lt;/div&gt;&lt;div class=&#34;opacity-0 transition group-hover/code:opacity-100 flex gap-1 absolute m-[11px] right-0 top-0&#34;&gt;
    &lt;button
      class=&#34;code-copy-btn group/copybtn transition-all active:opacity-50 bg-primary-700/5 border border-black/5 text-gray-600 hover:text-gray-900 rounded-md p-1.5 dark:bg-primary-300/10 dark:border-white/10 dark:text-gray-400 dark:hover:text-gray-50&#34;
      title=&#34;Zkopírovat kód&#34;
    &gt;
      &lt;div class=&#34;group-[.copied]/copybtn:hidden copy-icon pointer-events-none h-4 w-4&#34;&gt;&lt;/div&gt;
      &lt;div class=&#34;hidden group-[.copied]/copybtn:block success-icon pointer-events-none h-4 w-4&#34;&gt;&lt;/div&gt;
    &lt;/button&gt;
  &lt;/div&gt;
&lt;/div&gt;
&lt;ul&gt;
&lt;li&gt;Zahájení procesu nákupu a obdržení různých ID, včetně &lt;code&gt;purchaseId&lt;/code&gt;.&lt;/li&gt;
&lt;/ul&gt;
&lt;h3&gt;Krok 5: Nastavení cestujících ke spojení&lt;span class=&#34;absolute -mt-20&#34; id=&#34;krok-5-nastavení-cestujících-ke-spojení&#34;&gt;&lt;/span&gt;
    &lt;a href=&#34;#krok-5-nastaven%c3%ad-cestuj%c3%adc%c3%adch-ke-spojen%c3%ad&#34; class=&#34;subheading-anchor&#34; aria-label=&#34;Permalink for this section&#34;&gt;&lt;/a&gt;&lt;/h3&gt;&lt;div class=&#34;code-block relative mt-6 first:mt-0 group/code&#34;&gt;&lt;div&gt;&lt;div class=&#34;highlight&#34;&gt;&lt;pre tabindex=&#34;0&#34; class=&#34;chroma&#34;&gt;&lt;code class=&#34;language-plaintext&#34; data-lang=&#34;plaintext&#34;&gt;&lt;span class=&#34;line&#34;&gt;&lt;span class=&#34;cl&#34;&gt;POST /v1/Purchase/ExtSetPassengersToConnection&lt;/span&gt;&lt;/span&gt;&lt;/code&gt;&lt;/pre&gt;&lt;/div&gt;&lt;/div&gt;&lt;div class=&#34;opacity-0 transition group-hover/code:opacity-100 flex gap-1 absolute m-[11px] right-0 top-0&#34;&gt;
    &lt;button
      class=&#34;code-copy-btn group/copybtn transition-all active:opacity-50 bg-primary-700/5 border border-black/5 text-gray-600 hover:text-gray-900 rounded-md p-1.5 dark:bg-primary-300/10 dark:border-white/10 dark:text-gray-400 dark:hover:text-gray-50&#34;
      title=&#34;Zkopírovat kód&#34;
    &gt;
      &lt;div class=&#34;group-[.copied]/copybtn:hidden copy-icon pointer-events-none h-4 w-4&#34;&gt;&lt;/div&gt;
      &lt;div class=&#34;hidden group-[.copied]/copybtn:block success-icon pointer-events-none h-4 w-4&#34;&gt;&lt;/div&gt;
    &lt;/button&gt;
  &lt;/div&gt;
&lt;/div&gt;
&lt;ul&gt;
&lt;li&gt;Požadované parametry: &lt;code&gt;purchaseId&lt;/code&gt;, &lt;code&gt;searchId&lt;/code&gt; a &lt;code&gt;passengers&lt;/code&gt;.&lt;/li&gt;
&lt;li&gt;Informace o cestujících jsou získány z &lt;code&gt;/v1/Constants/AllPassengerCategories&lt;/code&gt;.&lt;/li&gt;
&lt;/ul&gt;
&lt;h3&gt;Krok 6: Vytvoření rezervací&lt;span class=&#34;absolute -mt-20&#34; id=&#34;krok-6-vytvoření-rezervací&#34;&gt;&lt;/span&gt;
    &lt;a href=&#34;#krok-6-vytvo%c5%99en%c3%ad-rezervac%c3%ad&#34; class=&#34;subheading-anchor&#34; aria-label=&#34;Permalink for this section&#34;&gt;&lt;/a&gt;&lt;/h3&gt;&lt;div class=&#34;code-block relative mt-6 first:mt-0 group/code&#34;&gt;&lt;div&gt;&lt;div class=&#34;highlight&#34;&gt;&lt;pre tabindex=&#34;0&#34; class=&#34;chroma&#34;&gt;&lt;code class=&#34;language-plaintext&#34; data-lang=&#34;plaintext&#34;&gt;&lt;span class=&#34;line&#34;&gt;&lt;span class=&#34;cl&#34;&gt;POST /v1/Reservation/ExtMakeReservations&lt;/span&gt;&lt;/span&gt;&lt;/code&gt;&lt;/pre&gt;&lt;/div&gt;&lt;/div&gt;&lt;div class=&#34;opacity-0 transition group-hover/code:opacity-100 flex gap-1 absolute m-[11px] right-0 top-0&#34;&gt;
    &lt;button
      class=&#34;code-copy-btn group/copybtn transition-all active:opacity-50 bg-primary-700/5 border border-black/5 text-gray-600 hover:text-gray-900 rounded-md p-1.5 dark:bg-primary-300/10 dark:border-white/10 dark:text-gray-400 dark:hover:text-gray-50&#34;
      title=&#34;Zkopírovat kód&#34;
    &gt;
      &lt;div class=&#34;group-[.copied]/copybtn:hidden copy-icon pointer-events-none h-4 w-4&#34;&gt;&lt;/div&gt;
      &lt;div class=&#34;hidden group-[.copied]/copybtn:block success-icon pointer-events-none h-4 w-4&#34;&gt;&lt;/div&gt;
    &lt;/button&gt;
  &lt;/div&gt;
&lt;/div&gt;
&lt;ul&gt;
&lt;li&gt;Vytvoření rezervací pomocí dat získaných z &lt;code&gt;RouteSearch&lt;/code&gt;.&lt;/li&gt;
&lt;/ul&gt;
&lt;h3&gt;Krok 7: Nastavení rezervací do košíku&lt;span class=&#34;absolute -mt-20&#34; id=&#34;krok-7-nastavení-rezervací-do-košíku&#34;&gt;&lt;/span&gt;
    &lt;a href=&#34;#krok-7-nastaven%c3%ad-rezervac%c3%ad-do-ko%c5%a1%c3%adku&#34; class=&#34;subheading-anchor&#34; aria-label=&#34;Permalink for this section&#34;&gt;&lt;/a&gt;&lt;/h3&gt;&lt;div class=&#34;code-block relative mt-6 first:mt-0 group/code&#34;&gt;&lt;div&gt;&lt;div class=&#34;highlight&#34;&gt;&lt;pre tabindex=&#34;0&#34; class=&#34;chroma&#34;&gt;&lt;code class=&#34;language-plaintext&#34; data-lang=&#34;plaintext&#34;&gt;&lt;span class=&#34;line&#34;&gt;&lt;span class=&#34;cl&#34;&gt;POST /v1/Purchase/ExtSetReservationsToCart&lt;/span&gt;&lt;/span&gt;&lt;/code&gt;&lt;/pre&gt;&lt;/div&gt;&lt;/div&gt;&lt;div class=&#34;opacity-0 transition group-hover/code:opacity-100 flex gap-1 absolute m-[11px] right-0 top-0&#34;&gt;
    &lt;button
      class=&#34;code-copy-btn group/copybtn transition-all active:opacity-50 bg-primary-700/5 border border-black/5 text-gray-600 hover:text-gray-900 rounded-md p-1.5 dark:bg-primary-300/10 dark:border-white/10 dark:text-gray-400 dark:hover:text-gray-50&#34;
      title=&#34;Zkopírovat kód&#34;
    &gt;
      &lt;div class=&#34;group-[.copied]/copybtn:hidden copy-icon pointer-events-none h-4 w-4&#34;&gt;&lt;/div&gt;
      &lt;div class=&#34;hidden group-[.copied]/copybtn:block success-icon pointer-events-none h-4 w-4&#34;&gt;&lt;/div&gt;
    &lt;/button&gt;
  &lt;/div&gt;
&lt;/div&gt;
&lt;ul&gt;
&lt;li&gt;Přidání vytvořených rezervací do konkrétního košíku (&lt;code&gt;cartId&lt;/code&gt;) pro konkrétní spojení (&lt;code&gt;searchId&lt;/code&gt;).&lt;/li&gt;
&lt;/ul&gt;
&lt;h3&gt;Krok 8: Označení nákupu jako placený&lt;span class=&#34;absolute -mt-20&#34; id=&#34;krok-8-označení-nákupu-jako-placený&#34;&gt;&lt;/span&gt;
    &lt;a href=&#34;#krok-8-ozna%c4%8den%c3%ad-n%c3%a1kupu-jako-placen%c3%bd&#34; class=&#34;subheading-anchor&#34; aria-label=&#34;Permalink for this section&#34;&gt;&lt;/a&gt;&lt;/h3&gt;&lt;div class=&#34;code-block relative mt-6 first:mt-0 group/code&#34;&gt;&lt;div&gt;&lt;div class=&#34;highlight&#34;&gt;&lt;pre tabindex=&#34;0&#34; class=&#34;chroma&#34;&gt;&lt;code class=&#34;language-plaintext&#34; data-lang=&#34;plaintext&#34;&gt;&lt;span class=&#34;line&#34;&gt;&lt;span class=&#34;cl&#34;&gt;POST /v1/Purchase/PurchasePaid&lt;/span&gt;&lt;/span&gt;&lt;/code&gt;&lt;/pre&gt;&lt;/div&gt;&lt;/div&gt;&lt;div class=&#34;opacity-0 transition group-hover/code:opacity-100 flex gap-1 absolute m-[11px] right-0 top-0&#34;&gt;
    &lt;button
      class=&#34;code-copy-btn group/copybtn transition-all active:opacity-50 bg-primary-700/5 border border-black/5 text-gray-600 hover:text-gray-900 rounded-md p-1.5 dark:bg-primary-300/10 dark:border-white/10 dark:text-gray-400 dark:hover:text-gray-50&#34;
      title=&#34;Zkopírovat kód&#34;
    &gt;
      &lt;div class=&#34;group-[.copied]/copybtn:hidden copy-icon pointer-events-none h-4 w-4&#34;&gt;&lt;/div&gt;
      &lt;div class=&#34;hidden group-[.copied]/copybtn:block success-icon pointer-events-none h-4 w-4&#34;&gt;&lt;/div&gt;
    &lt;/button&gt;
  &lt;/div&gt;
&lt;/div&gt;
&lt;ul&gt;
&lt;li&gt;Označení objednávky jako zaplacené pomocí &lt;code&gt;purchaseId&lt;/code&gt;.&lt;/li&gt;
&lt;/ul&gt;
&lt;h3&gt;Krok 9: Získání objednávky&lt;span class=&#34;absolute -mt-20&#34; id=&#34;krok-9-získání-objednávky&#34;&gt;&lt;/span&gt;
    &lt;a href=&#34;#krok-9-z%c3%adsk%c3%a1n%c3%ad-objedn%c3%a1vky&#34; class=&#34;subheading-anchor&#34; aria-label=&#34;Permalink for this section&#34;&gt;&lt;/a&gt;&lt;/h3&gt;&lt;p&gt;GET /v1/Purchase/GetOrder&lt;/p&gt;
&lt;div class=&#34;code-block relative mt-6 first:mt-0 group/code&#34;&gt;&lt;pre&gt;&lt;code&gt;- Získání podrobností objednávky pomocí `orderId`.&lt;/code&gt;&lt;/pre&gt;&lt;div class=&#34;opacity-0 transition group-hover/code:opacity-100 flex gap-1 absolute m-[11px] right-0 top-0&#34;&gt;
    &lt;button
      class=&#34;code-copy-btn group/copybtn transition-all active:opacity-50 bg-primary-700/5 border border-black/5 text-gray-600 hover:text-gray-900 rounded-md p-1.5 dark:bg-primary-300/10 dark:border-white/10 dark:text-gray-400 dark:hover:text-gray-50&#34;
      title=&#34;Zkopírovat kód&#34;
    &gt;
      &lt;div class=&#34;group-[.copied]/copybtn:hidden copy-icon pointer-events-none h-4 w-4&#34;&gt;&lt;/div&gt;
      &lt;div class=&#34;hidden group-[.copied]/copybtn:block success-icon pointer-events-none h-4 w-4&#34;&gt;&lt;/div&gt;
    &lt;/button&gt;
  &lt;/div&gt;
&lt;/div&gt;

      </description>
    </item>
    
  </channel>
</rss>
